DataSource,Eruption,SiO2_wt,Al2O3_wt,FeO_wt,MgO_wt,MnO_wt,TiO2_wt,K2O_wt,Na2O_wt,CaO_wt,BaO_wt,F,Cl,H2O,Total
WhitneyStormer1985,FishCanyonTuff,38.13,13.61,16.41,14.23,0.32,4.32,8.84,0.44,NA,0.21,0.74,0.15,2.28,97.4
WhitneyStormer1985,FishCanyonTuff,37.96,13.77,16.22,14.4,0.3,4.35,8.8,0.45,0.02,0.27,0.78,0.15,2.29,97.47
WhitneyStormer1985,FishCanyonTuff,38.03,13.58,16.65,14.56,0.3,4.54,9.91,0.44,NA,0.24,0.72,0.15,2.21,99.12
WhitneyStormer1985,FishCanyonTuff,33.89,24.82,14.69,12.52,0.25,3.95,7.94,0.37,0.04,0.15,1.05,0.18,2.67,99.85
WhitneyStormer1985,FishCanyonTuff,38.22,13.65,14.79,12.52,0.28,4.29,8.89,0.49,0.04,0.21,1.47,0.17,2.26,98.7
WhitneyStormer1985,FishCanyonTuff,38.22,13.42,18.84,13.58,0.36,4.48,9.16,0.49,0.06,NA,2.2,0.12,1.69,100.93
WhitneyStormer1985,FishCanyonTuff,35.19,21.72,16.36,12.65,0.41,4.11,8.19,NA,NA,NA,1.39,0.16,2.6,100.18
WhitneyStormer1985,FishCanyonTuff,37.65,13.91,14.99,15.34,0.18,4.42,10.02,0.39,0.01,0.27,3.19,NA,1.12,100.51
WhitneyStormer1985,FishCanyonTuff,37.39,13.65,17.86,13.67,0.32,4.38,10.68,0.46,NA,0.28,1.59,0.14,1.65,100.42
Bachmannetal2002,FishCanyonTuff,36.86,13.22,16.33,14.01,0.35,4.56,9.24,0.39,0.41,0.05,1.08,0.2,NA,NA
Bachmannetal2002,FishCanyonTuff,36.37,13.3,16.92,13.54,0.37,4.57,9.47,0.36,0.28,0.02,0.98,0.2,NA,NA
Whitneyetal1988,CarpenterRidgeTuff,37.57,13.41,18.63,13.69,0.45,4.96,9.05,0.57,0.02,0.17,1.37,0.1,NA,99.99
Whitneyetal1988,CarpenterRidgeTuff,37.42,14.37,18.88,13.13,0.44,5.39,8.85,0.51,0.06,0.57,0.96,0.08,NA,100.67
Whitneyetal1988,CarpenterRidgeTuff,36.67,14.04,18.24,13.84,0.44,4.93,8.29,0.5,0.04,0.34,1.22,0.12,NA,98.67
Whitneyetal1988,CarpenterRidgeTuff,40.27,13.98,14.36,15.4,0.18,4.11,7.38,0.41,0.19,0.4,0.5,0.06,NA,97.24
Whitneyetal1988,CarpenterRidgeTuff,38,13.44,17.31,14.58,0.37,5.33,6.86,0.31,0.24,0.45,0.92,0.07,NA,97.88
Whitneyetal1988,CarpenterRidgeTuff,38.78,13,16.12,14.7,0.44,5.08,7.93,0.42,0.14,0.63,1.15,0.08,NA,98.47
Whitneyetal1988,CarpenterRidgeTuff,34.67,15.15,15.01,14.8,0.21,4.55,7.3,0.65,0.03,5.01,0.86,0.07,NA,98.3
Whitneyetal1988,CarpenterRidgeTuff,34.74,14.88,14.37,15.43,0.26,4.2,8.07,0.76,0.01,2.93,3.38,0.06,NA,99.09
Doraisetal1991,CarpenterRidgeTuff,34.67,15.15,15.01,14.8,0.21,4.55,7.3,0.65,0.03,5.01,0.86,0.07,NA,NA
Doraisetal1991,CarpenterRidgeTuff,35.43,14.52,14.75,15.64,0.2,3.96,7.6,0.89,NA,4.22,0.91,0.04,NA,NA
Doraisetal1991,CarpenterRidgeTuff,35.19,14.55,14.77,15.22,0.22,4.26,7.53,0.83,NA,4.24,0.96,0.05,NA,NA
Doraisetal1991,CarpenterRidgeTuff,34.74,14.88,14.37,15.43,0.26,4.2,8.07,0.76,0.01,2.93,3.38,0.06,NA,NA
Doraisetal1991,CarpenterRidgeTuff,35.79,14.53,14.94,14.48,NA,4.81,7.65,0.66,NA,3.1,1.24,0.04,NA,NA
Doraisetal1991,CarpenterRidgeTuff,34.32,14.56,15.57,13.93,NA,5.21,7.4,0.72,NA,3.26,2.29,0.06,NA,NA
Doraisetal1991,CarpenterRidgeTuff,34.14,14.56,16.03,14.34,NA,5.17,7.52,0.78,NA,2.57,2.53,0.02,NA,NA
Doraisetal1991,CarpenterRidgeTuff,35.23,15.89,14.1,15.98,0.24,4.5,7.99,0.95,0.07,2.96,2.88,0.04,NA,NA
Doraisetal1991,CarpenterRidgeTuff,34.06,15.15,14.73,15.09,0.16,4.65,7.84,0.91,0.01,3.22,2.38,0.03,NA,NA
Doraisetal1991,CarpenterRidgeTuff,35.67,16.31,14.37,15.51,0.29,4.59,7.44,1.05,NA,4.13,2.41,0.05,NA,NA
Doraisetal1991,CarpenterRidgeTuff,35.66,14.05,16.41,15.41,0.34,4.21,8.31,0.77,NA,2.04,4.46,0.04,NA,NA
Doraisetal1991,CarpenterRidgeTuff,35,14.88,16.13,14.82,0.39,4.24,7.86,0.68,NA,3.44,2.12,0.05,NA,NA
Doraisetal1991,CarpenterRidgeTuff,33.13,13.58,20.07,14.38,0.55,4.36,7.44,0.59,NA,3.3,4.07,0.05,NA,NA
Doraisetal1991,CarpenterRidgeTuff,34.61,14.41,18.2,14.75,0.53,3.71,7.89,0.74,NA,2.44,3.48,0.05,NA,NA
Doraisetal1991,CarpenterRidgeTuff,38.35,14.29,17.81,13.85,0.31,4.07,8.87,0.72,0.04,0.52,2.03,0.06,NA,NA
Doraisetal1991,CarpenterRidgeTuff,33.96,14.2,17.87,13.97,0.4,4.12,8.1,0.85,NA,2.78,4.05,0.05,NA,NA
Doraisetal1991,CarpenterRidgeTuff,36.16,15.12,16.43,15.57,0.33,4,8.38,0.74,NA,2.18,1.6,0.05,NA,NA
Doraisetal1991,CarpenterRidgeTuff,35.72,14.93,17.74,14.1,0.35,3.97,8.19,0.74,0.02,2.2,1.85,0.05,NA,NA
Doraisetal1991,CarpenterRidgeTuff,35.64,15.07,14.74,14.48,0.25,4.52,7.85,0.71,0.02,2.35,3.81,0.03,NA,NA
Doraisetal1991,CarpenterRidgeTuff,36.07,15.79,15.31,14.81,0.3,4.44,8.04,0.66,0.03,2.23,2.13,0.05,NA,NA
Bachmannetal2014,CarpenterRidgeTuff,34.13,12.25,19.2,15.08,0.58,3.78,8.13,0.67,0.03,1.01,4.38,0.09,NA,97.47
Bachmannetal2014,CarpenterRidgeTuff,35.66,13,17.96,14.68,0.43,4.32,8.39,0.65,0.05,0.94,4.6,0.07,NA,98.8
Bachmannetal2014,CarpenterRidgeTuff,34.28,13.98,13.12,15.43,0.11,5.08,6.8,0.96,0.18,4.19,4.47,0.04,NA,96.74
Bachmannetal2014,CarpenterRidgeTuff,33.83,13.61,15.59,15.48,0.1,4.25,6.93,0.95,0.23,3.56,4.4,0,NA,97.08
Bachmannetal2014,CarpenterRidgeTuff,37.54,11.51,16.76,14.06,0.46,4.44,9.66,0.43,0.01,0.28,4.05,0.14,NA,97.61
Bachmannetal2014,CarpenterRidgeTuff,37.55,12.12,17.4,13.73,0.4,3.99,9.72,0.44,0,0.26,3.86,0.11,NA,97.96
Bachmannetal2014,CarpenterRidgeTuff,34.19,14.09,14.3,15.77,0.16,4.52,7.43,0.89,0.07,3.68,4.47,0.03,NA,97.7
Bachmannetal2014,CarpenterRidgeTuff,36.18,14.5,11.66,17.4,0.1,4.41,7.85,1.04,0.06,2.66,5.11,0.01,NA,98.82
Curryetal2021a,SnowshoeMountainTuff,37.66,13.47,16.46,14.01,0.2842,4.63,9,0.4271,0.0146,NA,NA,0.1926,NA,96.54
Curryetal2021a,SnowshoeMountainTuff,37.74,13.41,16.58,14.1,0.2533,4.67,8.92,0.4603,0.0116,NA,NA,0.1763,NA,96.8647
Curryetal2021a,SnowshoeMountainTuff,37.58,13.54,16.59,14.04,0.2685,4.69,9.06,0.4201,0.0097,NA,NA,0.1816,NA,96.9627
Curryetal2021a,SnowshoeMountainTuff,37.72,13.53,16.58,14.04,0.278,4.76,9.03,0.4191,0.0007,NA,NA,0.1789,NA,97.1208
Curryetal2021a,SnowshoeMountainTuff,37.72,13.5,16.57,14.08,0.2754,4.73,9.08,0.3881,0.0209,NA,NA,0.18,NA,97.0752
Curryetal2021a,SnowshoeMountainTuff,37.62,13.51,16.59,14.1,0.2773,4.76,9,0.4416,0.025,NA,NA,0.1743,NA,97.0809
Curryetal2021a,SnowshoeMountainTuff,37.5,13.5,16.64,14.01,0.2807,4.78,8.99,0.4474,0.0071,NA,NA,0.19,NA,97.0072
Curryetal2021a,SnowshoeMountainTuff,37.58,13.46,16.49,13.9,0.2816,4.75,9.05,0.4424,0.0091,NA,NA,0.18,NA,96.8268
Curryetal2021a,SnowshoeMountainTuff,37.71,13.23,16.69,13.96,0.2765,4.74,8.99,0.4385,0.017,NA,NA,0.1915,NA,96.9058
Curryetal2021a,SnowshoeMountainTuff,37.62,13.36,16.66,13.96,0.3021,4.73,9.02,0.4339,0,NA,NA,0.1855,NA,96.9115
Curryetal2021a,SnowshoeMountainTuff,37.06,13.62,16.59,13.91,0.2862,4.82,8.78,0.4554,0.015,NA,NA,0.185,NA,96.4288
Curryetal2021a,SnowshoeMountainTuff,37.19,13.44,16.58,13.98,0.3138,4.85,8.85,0.4832,0,NA,NA,0.1896,NA,96.5874
Curryetal2021a,SnowshoeMountainTuff,37.48,13.75,16.58,13.92,0.2657,4.79,8.81,0.4433,0.008,NA,NA,0.1834,NA,96.9505
Curryetal2021a,SnowshoeMountainTuff,37.73,13.53,16.37,14.12,0.2988,4.74,9.01,0.4429,0.0027,NA,NA,0.1739,NA,96.9671
Curryetal2021a,SnowshoeMountainTuff,37.44,13.56,16.45,13.97,0.289,4.73,9.07,0.455,0.0096,NA,NA,0.1874,NA,96.7292
Curryetal2021a,SnowshoeMountainTuff,37.54,13.64,16.44,14.04,0.271,4.79,9.07,0.4326,0.0084,NA,NA,0.1852,NA,96.9907
Curryetal2021a,SnowshoeMountainTuff,37.5,13.51,16.47,14.12,0.2734,4.76,9.13,0.4767,0.0039,NA,NA,0.1722,NA,96.9089
Curryetal2021a,SnowshoeMountainTuff,37.39,13.56,16.48,14.08,0.2668,4.72,9.1,0.4424,0.0108,NA,NA,0.1832,NA,96.7258
Curryetal2021a,SnowshoeMountainTuff,37.52,13.36,16.29,14.1,0.2832,4.73,9.1,0.4494,0.0115,NA,NA,0.175,NA,96.4291
Curryetal2021a,SnowshoeMountainTuff,37.59,13.55,16.46,14.13,0.2572,4.71,9.15,0.4402,0.003,NA,NA,0.1808,NA,96.7295
Curryetal2021a,SnowshoeMountainTuff,37.65,13.47,16.53,14.04,0.2872,4.73,9.07,0.4219,0,NA,NA,0.1673,NA,96.7348
Curryetal2021a,SnowshoeMountainTuff,37.5,13.49,16.35,14.05,0.2788,4.71,8.99,0.4472,0,NA,NA,0.1777,NA,96.3826
Curryetal2021a,SnowshoeMountainTuff,37.39,13.57,16.21,14.01,0.276,4.66,8.93,0.4605,0.0763,NA,NA,0.1713,NA,96.3609
Curryetal2021a,SnowshoeMountainTuff,37.63,13.38,15.9,14.33,0.2996,4.67,8.86,0.4704,0.0121,NA,NA,0.1858,NA,96.3268
Curryetal2021a,SnowshoeMountainTuff,37.45,13.1,15.68,14.42,0.2664,4.69,8.88,0.463,0.0112,NA,NA,0.2029,NA,95.6852
Curryetal2021a,SnowshoeMountainTuff,37.48,13.2,15.98,14.27,0.2888,4.66,8.87,0.4634,0.0035,NA,NA,0.1784,NA,95.9911
Curryetal2021a,SnowshoeMountainTuff,37.52,13.19,16.06,14.28,0.2972,4.67,8.84,0.4614,0.0117,NA,NA,0.1851,NA,96.1439
Curryetal2021a,SnowshoeMountainTuff,37.47,13.5,15.97,14.25,0.2916,4.65,8.85,0.4744,0.0055,NA,NA,0.1757,NA,96.1381
Curryetal2021a,SnowshoeMountainTuff,37.65,13.27,15.97,14.28,0.2962,4.65,8.82,0.4558,0.0156,NA,NA,0.1761,NA,96.1178
Curryetal2021a,SnowshoeMountainTuff,36.97,13.64,15.86,14.08,0.2874,4.81,8.79,0.4591,0.0414,NA,NA,0.1728,NA,96.1494
Curryetal2021a,SnowshoeMountainTuff,37.08,13.66,15.96,14.17,0.2802,4.83,8.81,0.4814,0.0222,NA,NA,0.1923,NA,96.5376
Curryetal2021a,SnowshoeMountainTuff,37.2,13.34,16.04,14.12,0.2726,4.69,8.77,0.4641,0.0154,NA,NA,0.1754,NA,95.8212
Curryetal2021a,SnowshoeMountainTuff,37.34,13.48,16.02,14.08,0.303,4.67,8.8,0.4848,0.0164,NA,NA,0.1791,NA,96.1222
Curryetal2021a,SnowshoeMountainTuff,37.36,13.29,16.12,14.13,0.3095,4.71,8.79,0.4783,0.0121,NA,NA,0.1832,NA,96.1449
Curryetal2021a,SnowshoeMountainTuff,37.46,13.52,15.93,14.2,0.2818,4.73,8.84,0.4824,0.0033,NA,NA,0.1792,NA,96.4173
Curryetal2021a,SnowshoeMountainTuff,37.41,13.45,16.07,14.15,0.3053,4.69,8.8,0.4769,0,NA,NA,0.1832,NA,96.339
Curryetal2021a,SnowshoeMountainTuff,37.53,13.46,16.02,14.19,0.3024,4.69,8.81,0.4706,0.0077,NA,NA,0.1757,NA,96.5544
Curryetal2021a,SnowshoeMountainTuff,37.62,13.27,16.05,14.42,0.2951,4.64,8.81,0.4706,0.0157,NA,NA,0.1822,NA,96.3605
Curryetal2021a,SnowshoeMountainTuff,37.65,13.44,16.17,14.35,0.307,4.79,8.83,0.5045,0.0032,NA,NA,0.1774,NA,97.0282
Curryetal2021a,SnowshoeMountainTuff,37.51,13.58,16.12,14.22,0.285,4.76,8.78,0.4753,0.018,NA,NA,0.1825,NA,96.6891
Curryetal2021a,SnowshoeMountainTuff,37.73,13.57,16.09,14.39,0.2946,4.75,8.8,0.485,0,NA,NA,0.1772,NA,97.0826
Curryetal2021a,SnowshoeMountainTuff,37.79,13.56,16.1,14.25,0.2722,4.76,8.81,0.4747,0.0108,NA,NA,0.1782,NA,96.9922
Curryetal2021a,SnowshoeMountainTuff,37.4,13.5,16.16,14.28,0.2926,4.77,8.8,0.4902,0,NA,NA,0.1763,NA,96.6813
Curryetal2021a,SnowshoeMountainTuff,37.47,13.66,16.2,14.23,0.2908,4.75,8.82,0.479,0.0029,NA,NA,0.1869,NA,96.8764
Curryetal2021a,SnowshoeMountainTuff,37.59,13.47,16.22,14.12,0.3057,4.81,8.85,0.4857,0.0038,NA,NA,0.1854,NA,96.0407
Curryetal2021a,SnowshoeMountainTuff,37.4,13.4,15.98,14.29,0.2971,4.64,8.79,0.4969,0.0205,NA,NA,0.1771,NA,96.1183
Curryetal2021a,SnowshoeMountainTuff,37.67,13.81,16.22,14.29,0.3049,4.7,8.92,0.4314,0.0012,NA,NA,0.1818,NA,96.5294
Curryetal2021a,SnowshoeMountainTuff,37.48,13.16,15.97,14.43,0.282,4.63,8.79,0.4945,0.0135,NA,NA,0.1753,NA,95.9505
Curryetal2021a,SnowshoeMountainTuff,37.47,13.56,16.03,14.47,0.2938,4.64,8.81,0.4498,0.0079,NA,NA,0.1884,NA,96.4145
Curryetal2021a,SnowshoeMountainTuff,37.35,13.5,16.09,14.33,0.306,4.63,8.8,0.4212,0.0182,NA,NA,0.1797,NA,96.1815
Curryetal2021a,SnowshoeMountainTuff,37.48,13.55,16.01,14.37,0.2832,4.67,8.89,0.4271,0.0051,NA,NA,0.1803,NA,96.3896
Curryetal2021a,SnowshoeMountainTuff,37.41,13.45,15.87,14.46,0.2773,4.55,8.87,0.4295,0.0134,NA,NA,0.1738,NA,95.955
Curryetal2021a,SnowshoeMountainTuff,37.35,13.56,16,14.32,0.287,4.65,8.77,0.4616,0,NA,NA,0.1817,NA,96.3072
Curryetal2021a,SnowshoeMountainTuff,37.12,13.05,17.38,13.53,0.3206,4.75,8.92,0.491,0.0029,NA,NA,0.176,NA,95.7405
Curryetal2021a,SnowshoeMountainTuff,37.34,12.77,17.48,13.55,0.3038,4.62,8.92,0.5467,0,NA,NA,0.188,NA,95.7186
Curryetal2021a,SnowshoeMountainTuff,37.22,12.95,17.8,13.09,0.291,4.62,8.92,0.4474,0.0086,NA,NA,0.1755,NA,95.5226
Curryetal2021a,SnowshoeMountainTuff,37.35,12.95,16.99,13.64,0.2792,4.71,9.09,0.3508,0.007,NA,NA,0.1838,NA,95.5508
Curryetal2021a,SnowshoeMountainTuff,37.37,12.72,16.88,13.66,0.2777,4.68,9.1,0.2936,0.0093,NA,NA,0.1912,NA,95.1818
Curryetal2021a,SnowshoeMountainTuff,37.17,12.95,17.83,13.13,0.2949,4.57,8.92,0.5167,0.0142,NA,NA,0.1871,NA,95.5829
Curryetal2021a,SnowshoeMountainTuff,37.71,13.06,17.07,13.67,0.2654,4.59,8.89,0.311,0.0219,NA,NA,0.1754,NA,95.7638
Curryetal2021a,SnowshoeMountainTuff,36.92,13.28,17.93,13.31,0.2614,4.68,8.82,0.4381,0.0022,NA,NA,0.1829,NA,95.8246
Curryetal2021a,SnowshoeMountainTuff,37.75,12.77,17.54,13.51,0.2912,4.65,9.17,0.4058,0.0297,NA,NA,0.1736,NA,96.2904
Curryetal2021a,SnowshoeMountainTuff,37.4,12.9,18.08,13.14,0.2128,4.67,8.97,0.4285,0.0082,NA,NA,0.1872,NA,95.9967
Curryetal2021a,SnowshoeMountainTuff,37.48,12.93,17.37,13.55,0.1919,4.63,9.03,0.3586,0.0076,NA,NA,0.1876,NA,95.7358
Curryetal2021a,SnowshoeMountainTuff,37.72,12.71,17.83,13.2,0.2676,4.59,9,0.5057,0.0198,NA,NA,0.1898,NA,96.033
Curryetal2021a,SnowshoeMountainTuff,37.48,12.71,18.01,13.14,0.2865,4.64,8.98,0.4957,0,NA,NA,0.196,NA,95.9383
Curryetal2021a,SnowshoeMountainTuff,37.57,12.65,17.74,13.31,0.2768,4.57,8.96,0.4647,0.0191,NA,NA,0.1942,NA,95.7548
Curryetal2021a,SnowshoeMountainTuff,37.3,12.81,18.06,13.17,0.2719,4.59,8.99,0.3706,0.003,NA,NA,0.2009,NA,95.7664
Curryetal2021a,SnowshoeMountainTuff,37.61,13.75,16.93,13.71,0.2975,4.82,9.22,0.3163,0,NA,NA,0.2025,NA,96.8564
Curryetal2021a,SnowshoeMountainTuff,37.37,13.6,18.15,12.81,0.3093,4.85,9.11,0.4026,0.0109,NA,NA,0.1956,NA,96.8084
Curryetal2021a,SnowshoeMountainTuff,37.55,13.65,17.22,13.52,0.3051,4.82,9.18,0.3522,0.0036,NA,NA,0.1981,NA,96.799
Curryetal2021a,SnowshoeMountainTuff,37.67,13.46,17.78,13.26,0.3,4.75,9.17,0.4809,0,NA,NA,0.1934,NA,97.0644
Curryetal2021a,SnowshoeMountainTuff,37.43,13.53,17.3,13.53,0.3207,4.8,9.28,0.3584,0,NA,NA,0.1995,NA,96.7486
Curryetal2021a,SnowshoeMountainTuff,37.48,13.58,17.68,13.35,0.2865,4.82,9.11,0.4482,0,NA,NA,0.1963,NA,96.951
Curryetal2021a,SnowshoeMountainTuff,37.82,13.33,17.2,13.65,0.2741,4.73,9.1,0.4192,0.0054,NA,NA,0.1951,NA,96.7239
Curryetal2021a,NelsonMountainTuff,35.69,13.48,17.19,13.7,0.7321,4.66,8.7,0.6258,0.0149,NA,NA,0.1008,NA,94.8937
Curryetal2021a,NelsonMountainTuff,35.41,13.39,17.91,13.57,0.7348,4.61,8.64,0.5726,0.0324,NA,NA,0.1025,NA,94.9724
Curryetal2021a,NelsonMountainTuff,35.24,13.29,18.88,12.91,0.7332,4.63,8.69,0.6175,0.0119,NA,NA,0.1099,NA,95.1126
Curryetal2021a,NelsonMountainTuff,35.08,13.18,18.97,12.87,0.7567,4.59,8.65,0.5445,0.0137,NA,NA,0.1026,NA,94.7576
Curryetal2021a,NelsonMountainTuff,36.07,13.69,16.48,13.57,0.6936,4.77,8.48,0.5627,0.054,NA,NA,0.121,NA,94.4914
Curryetal2021a,NelsonMountainTuff,36.37,13.7,17.23,13.49,0.6747,4.72,8.82,0.5727,0.0206,NA,NA,0.1007,NA,95.6988
Curryetal2021a,NelsonMountainTuff,36.82,13.88,14.65,15.05,0.6725,4.77,9.03,0.5561,0.0165,NA,NA,0.0934,NA,95.5386
Curryetal2021a,NelsonMountainTuff,36.21,13.68,16.98,13.49,0.7073,4.66,8.8,0.5813,0.0062,NA,NA,0.1045,NA,95.2194
Curryetal2021a,NelsonMountainTuff,35.27,13.19,19.68,13.32,0.6788,4.49,8.53,0.5708,0.014,NA,NA,0.1042,NA,95.8479
Curryetal2021a,NelsonMountainTuff,35.92,13.5,17.47,14.1,0.7232,4.44,8.76,0.5478,0.0318,NA,NA,0.1057,NA,95.5985
Curryetal2021a,NelsonMountainTuff,35.92,13.35,18.48,13.62,0.7379,4.4,8.82,0.6091,0.0132,NA,NA,0.0999,NA,96.0501
Curryetal2021a,NelsonMountainTuff,34.96,12.99,19.78,13.26,0.713,4.27,8.5,0.557,0.4116,NA,NA,0.1108,NA,95.5524
Curryetal2021a,NelsonMountainTuff,35.22,13,19.25,13.44,0.6979,4.26,8.45,0.5208,0.074,NA,NA,0.1065,NA,95.0193
Curryetal2021a,NelsonMountainTuff,36.77,13.38,16.81,13.51,0.6666,4.32,8.96,0.5919,0.0406,NA,NA,0.121,NA,95.1702
Curryetal2021a,NelsonMountainTuff,36.15,13.63,17.72,13.52,0.7189,4.39,8.7,0.4842,0.0236,NA,NA,0.1105,NA,95.4473
Curryetal2021a,NelsonMountainTuff,36.15,13.62,17.6,13.56,0.7089,4.38,8.64,0.5213,0.0235,NA,NA,0.108,NA,95.3118
Curryetal2021a,NelsonMountainTuff,35.64,13.52,18.64,13.24,0.7022,4.34,8.53,0.5153,0.0199,NA,NA,0.1027,NA,95.2502
Curryetal2021a,NelsonMountainTuff,35.59,13.16,18.41,13.34,0.7198,4.44,8.5,0.4745,0.0627,NA,NA,0.1088,NA,94.8059
Curryetal2021a,NelsonMountainTuff,36.52,13.09,17.25,13.74,0.7227,4.38,8.23,0.4249,0.1289,NA,NA,0.1043,NA,94.5909
Curryetal2021a,NelsonMountainTuff,37.15,13.13,17.3,13.14,0.7295,4.31,8.8,0.5162,0.0374,NA,NA,0.106,NA,95.2192
Curryetal2021a,NelsonMountainTuff,36.64,13.82,16.55,13.79,0.6594,4.61,8.91,0.4872,0.0238,NA,NA,0.1136,NA,95.6041
Curryetal2021a,NelsonMountainTuff,36.48,13.84,16.55,13.6,0.6684,4.6,8.81,0.4756,0.0097,NA,NA,0.1071,NA,95.1409
Curryetal2021a,NelsonMountainTuff,36.6,13.82,16.65,13.84,0.6516,4.61,8.59,0.4975,0.0204,NA,NA,0.1057,NA,95.3853
Curryetal2021a,NelsonMountainTuff,36.56,13.78,16.54,13.73,0.6533,4.59,8.66,0.4929,0.0056,NA,NA,0.111,NA,95.1229
Curryetal2021a,NelsonMountainTuff,36.3,13.83,17.7,13.21,0.7499,4.63,8.79,0.5246,0.0173,NA,NA,0.1124,NA,95.8643
Curryetal2021a,NelsonMountainTuff,36.79,13.87,16.75,13.7,0.6681,4.65,8.81,0.4912,0.0071,NA,NA,0.1173,NA,95.8537
Curryetal2021a,NelsonMountainTuff,36.54,13.9,16.85,13.46,0.665,4.64,8.71,0.5057,0.0176,NA,NA,0.1154,NA,95.4037
Curryetal2021a,NelsonMountainTuff,36.37,13.73,17.42,13.49,0.6749,4.65,8.8,0.6054,0.0265,NA,NA,0.1061,NA,95.8729
Curryetal2021a,NelsonMountainTuff,36.39,13.72,16.67,13.7,0.668,4.61,8.57,0.5502,0.0317,NA,NA,0.1104,NA,95.0204
Curryetal2021a,NelsonMountainTuff,35.92,13.43,16.91,14.17,0.7237,4.45,8.53,0.5492,0.0463,NA,NA,0.1026,NA,94.8319
Curryetal2021a,NelsonMountainTuff,36.61,13.46,16.34,13.97,0.6902,4.52,8.71,0.577,0.0171,NA,NA,0.1119,NA,95.0062
Curryetal2021a,NelsonMountainTuff,36.67,13.27,16.8,14.23,0.7111,4.42,8.95,0.6157,0.0151,NA,NA,0.1143,NA,95.7962
Curryetal2021a,NelsonMountainTuff,36.31,13.24,16.72,13.95,0.6928,4.39,8.56,0.5459,0.0596,NA,NA,0.1093,NA,94.5777
Curryetal2021a,NelsonMountainTuff,36.35,13.6,16.16,14.05,0.6304,4.56,8.74,0.558,0.0179,NA,NA,0.1042,NA,94.7705
Curryetal2021a,NelsonMountainTuff,36.74,13.02,16.99,14.04,0.6839,4.32,8.5,0.5442,0.0712,NA,NA,0.1106,NA,95.02
Curryetal2021a,NelsonMountainTuff,37.02,13.37,17.04,13.65,0.6692,4.38,9.01,0.5982,0.0031,NA,NA,0.1142,NA,95.8548
Curryetal2021a,NelsonMountainTuff,37.02,13.46,16.46,14.18,0.663,4.43,9.04,0.6008,0.013,NA,NA,0.1199,NA,95.9868
Curryetal2021a,NelsonMountainTuff,37.22,13.39,16.46,14.45,0.6961,4.35,9.02,0.5843,0,NA,NA,0.1154,NA,96.2859
Curryetal2021a,NelsonMountainTuff,37.24,13.67,16.35,14.12,0.6475,4.34,8.92,0.5923,0.01,NA,NA,0.1115,NA,96.0014
Curryetal2021a,NelsonMountainTuff,36.73,13.42,17.34,14.23,0.6891,4.23,8.87,0.5827,0.0068,NA,NA,0.1162,NA,96.2149
Curryetal2021a,NelsonMountainTuff,37.12,13.21,17.3,13.8,0.6984,4.27,9.04,0.6086,0.0038,NA,NA,0.1061,NA,96.157
Curryetal2021a,CebollaCreekTuff,36.64,13.7,16.08,14.77,0.2702,4.96,8.49,0.6414,0.0314,NA,NA,0.093,NA,95.6761
Curryetal2021a,CebollaCreekTuff,37.98,13.54,13.87,15.32,0.2526,4.91,8.45,0.4836,0.0843,NA,NA,0.0882,NA,94.9788
Curryetal2021a,CebollaCreekTuff,37.91,13.71,13.84,15.26,0.2627,4.9,8.21,0.4244,0.1001,NA,NA,0.0876,NA,94.7049
Curryetal2021a,CebollaCreekTuff,38.7,13.44,13.77,15.15,0.2505,4.84,8.29,0.3937,0.1546,NA,NA,0.0981,NA,95.087
Curryetal2021a,CebollaCreekTuff,36.61,13.86,14.64,15.13,0.2852,4.99,8.55,0.6901,0.0328,NA,NA,0.0924,NA,94.8806
Curryetal2021a,CebollaCreekTuff,36.43,13.73,14.64,15.06,0.2805,5.06,8.56,0.7022,0.0248,NA,NA,0.1014,NA,94.589
Curryetal2021a,CebollaCreekTuff,37.11,13.57,14.3,15.18,0.2722,5,8.5,0.6095,0.0593,NA,NA,0.0918,NA,94.6929
Curryetal2021a,CebollaCreekTuff,37.05,13.69,14.5,14.91,0.254,5.02,8.38,0.5553,0.0735,NA,NA,0.0904,NA,94.5232
Curryetal2021a,CebollaCreekTuff,37.02,13.71,14.47,15.16,0.2668,4.97,8.26,0.5893,0.0928,NA,NA,0.0958,NA,94.6348
Curryetal2021a,CebollaCreekTuff,36.95,13.73,14.42,15.15,0.2607,4.99,8.26,0.6196,0.0873,NA,NA,0.0895,NA,94.5572
Curryetal2021a,CebollaCreekTuff,37.19,13.55,14.23,15.28,0.2621,4.99,8.23,0.5957,0.0786,NA,NA,0.0839,NA,94.4903
Curryetal2021a,CebollaCreekTuff,38.34,13.71,13.85,14.71,0.259,4.91,8.33,0.4353,0.2342,NA,NA,0.0891,NA,94.8677
Curryetal2021a,CebollaCreekTuff,37.68,13.92,14.51,14.57,0.2371,4.9,8.17,0.4937,0.1176,NA,NA,0.0938,NA,94.6923
Curryetal2021a,CebollaCreekTuff,37.49,13.78,14.54,14.7,0.2429,4.86,8.2,0.5322,0.1108,NA,NA,0.0936,NA,94.5496
Curryetal2021a,CebollaCreekTuff,37.75,13.68,14.91,14.72,0.2459,4.82,8.15,0.3855,0.1144,NA,NA,0.0889,NA,94.8648
Curryetal2021a,CebollaCreekTuff,37.94,13.84,14.13,14.66,0.2555,4.77,8.11,0.5223,0.1403,NA,NA,0.0971,NA,94.4652
Curryetal2021a,CebollaCreekTuff,37.62,13.99,14.35,15.15,0.2696,4.92,8.52,0.6343,0.018,NA,NA,0.085,NA,95.557
Curryetal2021a,CebollaCreekTuff,37.69,13.39,15.93,14.42,0.2257,4.58,8.25,0.6673,0.1176,NA,NA,0.1022,NA,95.3728
Curryetal2021a,CebollaCreekTuff,38.37,13.9,12.28,16.23,0.197,4.84,9.05,0.5792,0.0516,NA,NA,0.0972,NA,95.595
Curryetal2021a,CebollaCreekTuff,38.47,13.41,14.13,15.02,0.234,4.75,7.92,0.4069,0.1456,NA,NA,0.0892,NA,94.5758
Curryetal2021a,CebollaCreekTuff,38.73,13.26,13.83,14.79,0.2561,4.75,8.46,0.475,0.0984,NA,NA,0.0865,NA,94.7361
Curryetal2021a,CebollaCreekTuff,37.99,13.67,14.9,14.83,0.2795,4.64,8.37,0.5543,0.0946,NA,NA,0.0879,NA,95.4164
Curryetal2021a,CebollaCreekTuff,37.16,14.17,14.39,15.2,0.2796,4.86,8.79,0.671,0.0305,NA,NA,0.092,NA,95.6432
Curryetal2021a,CebollaCreekTuff,37.09,14.25,14.55,15.09,0.2713,4.9,8.75,0.6838,0.0109,NA,NA,0.0901,NA,95.6861
Curryetal2021a,CebollaCreekTuff,37.3,14.28,14.42,15.15,0.273,4.88,8.68,0.6838,0.0049,NA,NA,0.0918,NA,95.7636
Curryetal2021a,CebollaCreekTuff,37.24,14.27,14.37,15.16,0.2952,4.91,8.76,0.6545,0.0067,NA,NA,0.0942,NA,95.7607
Curryetal2021a,CebollaCreekTuff,37.18,14.3,14.78,14.94,0.2836,4.91,8.82,0.6885,0.0096,NA,NA,0.0863,NA,95.9981
Curryetal2021a,CebollaCreekTuff,37.22,14.41,14.86,14.87,0.2888,4.92,8.79,0.7096,0.0119,NA,NA,0.0869,NA,96.1673
Curryetal2021a,CebollaCreekTuff,37.3,14.31,14.91,14.91,0.3008,4.92,8.75,0.6648,0.0199,NA,NA,0.0921,NA,96.1777
Curryetal2021a,CebollaCreekTuff,36.41,13.81,18.54,13.95,0.2004,4.81,8.53,0.6462,0.0166,NA,NA,0.095,NA,97.0083
Curryetal2021a,CebollaCreekTuff,37.39,14,15.56,15.12,0.2568,4.87,8.76,0.6875,0.0187,NA,NA,0.0927,NA,96.7558
Curryetal2021a,CebollaCreekTuff,37.56,13.96,15.44,14.85,0.2624,4.91,8.7,0.6724,0.0266,NA,NA,0.088,NA,96.4695
Curryetal2021a,CebollaCreekTuff,37.31,14.29,14.64,15.06,0.2823,4.91,8.69,0.6292,0.0041,NA,NA,0.0888,NA,95.9045
Curryetal2021a,CebollaCreekTuff,37.7,14.25,14.85,15.04,0.2808,4.88,8.77,0.683,0.0225,NA,NA,0.0937,NA,96.5701
Curryetal2021a,CebollaCreekTuff,37.68,14.2,14.92,14.87,0.2544,4.9,8.76,0.7166,0.0235,NA,NA,0.0942,NA,96.4188
Curryetal2021a,CebollaCreekTuff,37.49,14.23,14.61,15.2,0.2737,4.89,8.81,0.7295,0.0086,NA,NA,0.0927,NA,96.3345
Curryetal2021a,CebollaCreekTuff,37.96,14.15,14.73,14.81,0.24,4.75,8.54,0.6615,0.0404,NA,NA,0.104,NA,95.986
Curryetal2021a,CebollaCreekTuff,37.42,14.25,14.52,15.12,0.2887,4.9,8.75,0.6668,0.0197,NA,NA,0.0956,NA,96.0308
Curryetal2021a,CebollaCreekTuff,37.51,14.24,14.55,15.16,0.287,4.9,8.79,0.676,0.0148,NA,NA,0.0938,NA,96.2217
Curryetal2021a,CebollaCreekTuff,37.29,14.23,14.56,15.17,0.2944,4.88,8.82,0.6984,0.015,NA,NA,0.0862,NA,96.0441
Curryetal2021a,CebollaCreekTuff,37.77,14.11,14.69,15.21,0.287,4.9,8.77,0.6949,0.0223,NA,NA,0.0962,NA,96.5505
Curryetal2021a,CebollaCreekTuff,37.56,14.17,14.61,15.19,0.2736,4.89,8.79,0.7016,0.0076,NA,NA,0.0897,NA,96.2826
Curryetal2021a,CebollaCreekTuff,37.42,14.11,14.54,15.21,0.2971,4.84,8.79,0.6957,0.0151,NA,NA,0.0972,NA,96.0151
Curryetal2021a,CebollaCreekTuff,38.36,14.03,14.75,14.75,0.2696,4.69,8.59,0.6818,0.0525,NA,NA,0.0838,NA,96.2578
Curryetal2021a,CebollaCreekTuff,38.26,14.14,14.45,14.77,0.2709,4.72,8.59,0.6378,0.0544,NA,NA,0.091,NA,95.9841
Curryetal2021a,CebollaCreekTuff,38,14.06,14.39,15.14,0.2315,4.81,8.82,0.5369,0.0448,NA,NA,0.0972,NA,96.1304
Curryetal2021a,CebollaCreekTuff,37.41,14.29,14.87,14.98,0.2466,4.91,8.93,0.6123,0.0038,NA,NA,0.0947,NA,96.3475
Curryetal2021a,CebollaCreekTuff,37.58,14.23,14.47,15.12,0.248,4.85,8.92,0.6235,0.0168,NA,NA,0.0937,NA,96.1521
Curryetal2021a,CebollaCreekTuff,37.56,14.21,14.52,15.11,0.2749,4.84,8.78,0.655,0.0313,NA,NA,0.0965,NA,96.0778
Curryetal2021a,CebollaCreekTuff,37.99,14.07,14.48,15.11,0.2793,4.71,8.7,0.6522,0.0436,NA,NA,0.0972,NA,96.1323
Curryetal2021a,CebollaCreekTuff,37.96,13.78,14.78,14.81,0.2945,4.72,8.73,0.6656,0.0201,NA,NA,0.0893,NA,95.8495
Curryetal2021a,CebollaCreekTuff,38.88,13.39,14.62,14.39,0.1926,4.6,8.27,0.5817,0.1717,NA,NA,0.0776,NA,95.1737
Curryetal2021a,CebollaCreekTuff,39.42,13.03,13.75,15.46,0.2153,4.76,8.42,0.3998,0.0952,NA,NA,0.0919,NA,95.6423
Curryetal2021a,CebollaCreekTuff,39.31,13.34,14.31,14.06,0.1663,4.69,8.31,0.4372,0.1879,NA,NA,0.0905,NA,94.9019
Curryetal2021a,CebollaCreekTuff,38.91,13.15,13.67,15.21,0.247,4.82,8.18,0.4086,0.1139,NA,NA,0.0944,NA,94.8039
Curryetal2021a,CebollaCreekTuff,38.97,13.29,13.38,15.35,0.2402,4.85,8.39,0.4412,0.0927,NA,NA,0.0917,NA,95.0958
Curryetal2021a,CebollaCreekTuff,38.88,13.18,13.6,15.41,0.2454,4.87,8.2,0.3884,0.1159,NA,NA,0.0893,NA,94.979
Curryetal2021a,CebollaCreekTuff,38.75,13.24,13.57,15.46,0.2594,4.82,8.02,0.4386,0.1485,NA,NA,0.0915,NA,94.798
Curryetal2021a,CebollaCreekTuff,38.55,13.17,13.58,15.53,0.2418,4.81,7.98,0.4469,0.1522,NA,NA,0.0827,NA,94.5436
Curryetal2021a,CebollaCreekTuff,38.45,13.1,13.82,15.48,0.2576,4.78,7.95,0.4158,0.1543,NA,NA,0.0856,NA,94.4933
Curryetal2021a,CebollaCreekTuff,38.65,13.36,13.75,15.41,0.2505,4.86,8.4,0.3909,0.0971,NA,NA,0.0857,NA,95.2543
Curryetal2021a,CebollaCreekTuff,38.41,13.33,13.76,15.62,0.2447,4.75,8.11,0.495,0.1462,NA,NA,0.0925,NA,94.9585
Curryetal2021a,CebollaCreekTuff,39.35,13.45,13.65,15.3,0.2437,4.81,8.62,0.3001,0.1067,NA,NA,0.0921,NA,95.9227
Curryetal2021a,CebollaCreekTuff,37.92,13.57,13.99,15.52,0.2665,4.79,8.15,0.5192,0.1211,NA,NA,0.0789,NA,94.9258
Curryetal2021a,CebollaCreekTuff,38.59,13.55,13.95,15.47,0.2808,4.79,8.58,0.5978,0.0904,NA,NA,0.085,NA,95.984
Curryetal2021a,CebollaCreekTuff,38.42,13.68,13.98,15.79,0.2217,4.78,8.61,0.672,0.0274,NA,NA,0.1016,NA,96.2828
Curryetal2021a,CebollaCreekTuff,38.07,13.41,14.06,15.51,0.2485,4.73,8.42,0.5888,0.08,NA,NA,0.0869,NA,95.2043
Curryetal2021a,CebollaCreekTuff,36.86,13.66,14.03,15.38,0.2686,4.64,8.96,0.6877,0.0053,NA,NA,0.0897,NA,94.5814
Curryetal2021a,RatCreekTuff,36.64,13.61,14.53,14.64,0.3686,5.26,8.65,0.7145,0.0156,NA,NA,0.0705,NA,94.4993
Curryetal2021a,RatCreekTuff,36.62,13.57,14.67,14.63,0.3683,5.28,8.68,0.7236,0.0227,NA,NA,0.0688,NA,94.6335
Curryetal2021a,RatCreekTuff,36.8,13.84,14.61,14.75,0.3562,5.21,8.57,0.7118,0.0473,NA,NA,0.0597,NA,94.9551
Curryetal2021a,RatCreekTuff,37.29,14.63,12.42,16.38,0.2068,5.34,7.82,0.965,0.1488,NA,NA,0.0441,NA,95.2448
Curryetal2021a,RatCreekTuff,37.1,14.57,12.52,16.42,0.1764,5.34,7.91,0.9007,0.1307,NA,NA,0.041,NA,95.1088
Curryetal2021a,RatCreekTuff,37.2,14.65,12.63,16.33,0.2045,5.37,7.68,0.8893,0.1899,NA,NA,0.0407,NA,95.1845
Curryetal2021a,RatCreekTuff,36.91,14.6,12.42,16.05,0.2123,5.33,7.72,0.9505,0.2196,NA,NA,0.0547,NA,94.4671
Curryetal2021a,RatCreekTuff,40.04,13.05,14.22,14.29,0.5483,4.54,7.86,0.3163,0.1079,NA,NA,0.093,NA,95.0656
Curryetal2021a,RatCreekTuff,41.39,13,13.75,14.15,0.5177,4.42,7.95,0.3468,0.1108,NA,NA,0.0898,NA,95.7252
Curryetal2021a,RatCreekTuff,40.38,12.91,13.87,14.11,0.5276,4.42,8.09,0.3261,0.0964,NA,NA,0.091,NA,94.8212
Curryetal2021a,RatCreekTuff,40.86,12.9,13.78,14.22,0.5107,4.4,7.82,0.3263,0.0941,NA,NA,0.0898,NA,95.001
Curryetal2021a,RatCreekTuff,40.81,12.81,13.81,13.99,0.5103,4.43,7.71,0.308,0.1125,NA,NA,0.0843,NA,94.5751
Curryetal2021a,RatCreekTuff,40.2,12.83,13.96,14.28,0.5452,4.44,7.91,0.3249,0.0918,NA,NA,0.0896,NA,94.6715
Curryetal2021a,RatCreekTuff,40.43,13,13.6,14.2,0.5204,4.41,7.86,0.3483,0.0977,NA,NA,0.0915,NA,94.558
Curryetal2021a,RatCreekTuff,41.09,13.12,13.65,13.98,0.506,4.35,7.71,0.3491,0.0992,NA,NA,0.0937,NA,94.9481
Curryetal2021a,RatCreekTuff,40.77,12.89,13.71,14.01,0.506,4.36,7.74,0.3259,0.1026,NA,NA,0.098,NA,94.5126
Curryetal2021a,RatCreekTuff,40.8,13,13.48,14.21,0.5067,4.33,7.7,0.3229,0.1024,NA,NA,0.089,NA,94.5411
Sliwinskietal2019,NelsonMountainTuff,37.4,12.8,15.9,13.9,0.1,5.1,8,0.2,0.2,NA,NA,NA,NA,93.6
Sliwinskietal2019,NelsonMountainTuff,37.3,12.8,15.7,13.6,0.4,5.2,8.1,0.1,0.2,NA,NA,NA,NA,93.4
Sliwinskietal2019,NelsonMountainTuff,37.8,13,16.4,14.1,0.2,5.2,8.7,0.2,0.1,NA,NA,NA,NA,95.8
Sliwinskietal2019,NelsonMountainTuff,37.9,12.3,15.9,12.7,0.3,4.9,7.5,0.1,0.2,NA,NA,NA,NA,91.8
Sliwinskietal2019,NelsonMountainTuff,37.4,12.9,16.8,13.2,0.3,5.3,8.7,0.2,0.1,NA,NA,NA,NA,94.9
Sliwinskietal2019,NelsonMountainTuff,37.2,13.1,16.4,13.5,0.3,5.5,8.8,0.2,0.1,NA,NA,NA,NA,95.2
Sliwinskietal2019,NelsonMountainTuff,37.5,13.1,17.2,13.8,0.3,5,9,0.2,0.1,NA,NA,NA,NA,96.2
Sliwinskietal2019,NelsonMountainTuff,37.1,12.7,16.5,13.4,0.3,5.1,8.6,0.2,0.1,NA,NA,NA,NA,94
Sliwinskietal2019,NelsonMountainTuff,37.4,12.6,16.8,13.4,0.4,5,8.4,0.2,0.2,NA,NA,NA,NA,94.4
Sliwinskietal2019,NelsonMountainTuff,37.6,13.2,16.9,13.6,0.3,5.1,9.2,0.1,0.1,NA,NA,NA,NA,96.2
Sliwinskietal2019,NelsonMountainTuff,37.2,12.6,15.5,13.7,0.2,4.8,7.6,0.2,0.2,NA,NA,NA,NA,92
Sliwinskietal2019,RatCreekTuff,35.8,13.6,15.3,13.6,0.4,7,8.2,0.7,0.1,NA,NA,NA,NA,94.7
Sliwinskietal2019,RatCreekTuff,35.8,13.5,15.1,13.6,0.5,6.8,8.3,0.7,0,NA,NA,NA,NA,94.3
Sliwinskietal2019,RatCreekTuff,35.3,13.4,15.5,13.4,0.3,7.2,8.1,0.7,0,NA,NA,NA,NA,93.9
Sliwinskietal2019,RatCreekTuff,36.5,13.2,16.2,13.6,0.6,5.7,8.8,0.6,0.1,NA,NA,NA,NA,95.3
Sliwinskietal2019,RatCreekTuff,35.7,13.4,13.9,14.2,0.1,6.6,8.3,0.8,0,NA,NA,NA,NA,93
Sliwinskietal2019,RatCreekTuff,37,13.1,15.6,14,0.6,5.3,8.8,0.6,0,NA,NA,NA,NA,95
Sliwinskietal2019,RatCreekTuff,36.6,13.1,16.2,13.7,0.7,5.6,8.7,0.2,0,NA,NA,NA,NA,94.8
Sliwinskietal2019,RatCreekTuff,37.5,13,15.9,14.1,0.7,4.9,8.8,0.2,0,NA,NA,NA,NA,95.1
Sliwinskietal2019,RatCreekTuff,36.1,13.4,15.2,14.1,0.4,6.2,8.3,0.7,0.1,NA,NA,NA,NA,94.5
Sliwinskietal2019,RatCreekTuff,36.4,13.5,14.6,14.3,0.3,6.3,8.4,0.8,0,NA,NA,NA,NA,94.6
Sliwinskietal2019,RatCreekTuff,35.9,13.3,16.2,13.3,0.6,5.6,8.8,0.2,0.1,NA,NA,NA,NA,94
Sliwinskietal2019,RatCreekTuff,36.1,13.8,14.1,15,0.3,6,8.2,0.9,0,NA,NA,NA,NA,94.4
Sliwinskietal2019,RatCreekTuff,35.8,13.6,16.2,13.2,0.6,6.5,8.4,0.8,0,NA,NA,NA,NA,95.1
Sliwinskietal2019,RatCreekTuff,35.6,13.5,15.2,13.5,0.4,6.9,8.2,0.7,0.1,NA,NA,NA,NA,94.1
Sliwinskietal2019,RatCreekTuff,36.5,13.6,14.3,14.6,0.4,6.3,8.3,0.8,0.1,NA,NA,NA,NA,94.9
Sliwinskietal2019,RatCreekTuff,36.3,13.6,14.2,14.6,0.5,6.3,8.2,0.2,0,NA,NA,NA,NA,93.9
Sliwinskietal2019,RatCreekTuff,35.3,13.1,13.9,14.3,0.2,6.5,7.9,0.8,0,NA,NA,NA,NA,92
Sliwinskietal2019,RatCreekTuff,36.1,14,14.5,14.4,0.3,6.7,8.3,0.8,0.1,NA,NA,NA,NA,95.2
Sliwinskietal2019,RatCreekTuff,36.3,12.8,15.9,13.7,0.8,5.2,8.8,0.2,0,NA,NA,NA,NA,93.7
Sliwinskietal2019,RatCreekTuff,34.9,13.1,15.1,13.1,0.6,6.5,8.3,0.7,0,NA,NA,NA,NA,92.3
Sliwinskietal2019,RatCreekTuff,37.5,14.4,14.7,15.4,0.3,6.5,8.2,0.9,0.1,NA,NA,NA,NA,98
Sliwinskietal2019,RatCreekTuff,37.4,13.4,13.2,14.2,0.3,6,7.8,0.2,0.4,NA,NA,NA,NA,92.9
Sliwinskietal2019,RatCreekTuff,37.5,13.5,13.6,14.2,0.4,6,7.6,0.2,0.3,NA,NA,NA,NA,93.3
Sliwinskietal2019,RatCreekTuff,36.3,13.5,13.6,14.2,0.3,6.2,7.8,0.2,0.2,NA,NA,NA,NA,92.3
Sliwinskietal2019,RatCreekTuff,34.7,13.1,15.8,14,0.4,6.4,8.2,0.8,0,NA,NA,NA,NA,93.4
Sliwinskietal2019,RatCreekTuff,37.2,12.7,15.5,13.4,0.7,5,7.9,0.2,0.2,NA,NA,NA,NA,92.8
Sliwinskietal2019,RatCreekTuff,35.1,12.9,18.4,13.2,0.8,6.4,8.3,0.2,0.1,NA,NA,NA,NA,95.4
Sliwinskietal2019,RatCreekTuff,35.8,13.6,14.7,13.6,0.6,6.4,8.2,0.2,0.1,NA,NA,NA,NA,93.2
Sliwinskietal2019,RatCreekTuff,37,13.5,16.8,13.8,0.7,5.5,8.8,0.2,0,NA,NA,NA,NA,96.3
Sliwinskietal2019,RatCreekTuff,36.7,13.7,14.3,14.9,0.2,6.2,7.8,0.7,0.1,NA,NA,NA,NA,94.6
Sliwinskietal2019,RatCreekTuff,34.2,12.4,18,13.3,0.7,6.1,8.3,0.6,0,NA,NA,NA,NA,93.6
Sliwinskietal2019,RatCreekTuff,35.8,12.9,16.6,13.4,0.6,5.5,8.5,0.2,0.1,NA,NA,NA,NA,93.6
Sliwinskietal2019,RatCreekTuff,36.2,12.9,16.8,13.7,0.7,5.2,8.6,0.2,0,NA,NA,NA,NA,94.3
Sliwinskietal2019,RatCreekTuff,36.4,13.1,16.2,13.7,0.7,5.5,8.6,0.2,0,NA,NA,NA,NA,94.4
Sliwinskietal2019,RatCreekTuff,36.5,13.1,14.8,13.7,0.3,6.3,7.7,0.2,0.2,NA,NA,NA,NA,92.8
Sliwinskietal2019,RatCreekTuff,36.6,13.4,16.2,13.5,0.8,6.1,8.3,0.2,0.1,NA,NA,NA,NA,95.2
Sliwinskietal2019,RatCreekTuff,37.5,12.6,15.8,13.2,0.5,4.8,7.7,0.2,0.4,NA,NA,NA,NA,92.7
Sliwinskietal2019,RatCreekTuff,37.9,13.1,18.3,13.8,0.3,4.8,8.6,0.2,0.1,NA,NA,NA,NA,97.1
Sliwinskietal2019,RatCreekTuff,36.8,12.6,15.5,13.4,0.6,4.7,7.9,0.2,0.3,NA,NA,NA,NA,92
Sliwinskietal2019,RatCreekTuff,38.4,12.7,13.3,13.9,0.3,5.2,7.9,0.2,0.4,NA,NA,NA,NA,92.3
Sliwinskietal2019,RatCreekTuff,36.9,13.7,16.9,14.4,0.5,6.8,8.2,0.2,0.1,NA,NA,NA,NA,97.7
Sliwinskietal2019,RatCreekTuff,37.2,13.1,13.8,14.4,0.3,5.5,7.4,0.2,0.4,NA,NA,NA,NA,92.3
Sliwinskietal2019,RatCreekTuff,36.1,13.7,14.5,14.3,0.3,6.3,8.1,0.8,0.1,NA,NA,NA,NA,94.2
Sliwinskietal2019,RatCreekTuff,35,13.1,14.7,13.5,0.4,6.5,8.3,0.7,0.1,NA,NA,NA,NA,92.3
Sliwinskietal2019,RatCreekTuff,37.2,12.6,12.5,13.8,0.3,5.4,7.6,0.2,0.2,NA,NA,NA,NA,89.8
Sliwinskietal2019,RatCreekTuff,36.3,13.6,15.5,13.8,0.3,6.5,8.3,0.2,0,NA,NA,NA,NA,94.5
Sliwinskietal2019,RatCreekTuff,35.8,13.5,14,14.4,0.2,6.2,7.9,0.7,0.1,NA,NA,NA,NA,92.8
Sliwinskietal2019,RatCreekTuff,35.8,13.2,14.2,13.9,0.4,6.4,8,0.7,0,NA,NA,NA,NA,92.6
Sliwinskietal2019,RatCreekTuff,36.9,13.5,13.7,14.4,0.2,6,7.5,0.2,0.2,NA,NA,NA,NA,92.6
Sliwinskietal2019,RatCreekTuff,35.5,13.1,15.3,14.4,0.3,6.9,8.3,0.8,0,NA,NA,NA,NA,94.6
Sliwinskietal2019,RatCreekTuff,36.4,13.7,13.8,14.6,0.4,6.3,7.8,0.8,0.1,NA,NA,NA,NA,93.9
Sliwinskietal2019,RatCreekTuff,36,12.6,15.6,13.2,0.7,5.2,8.4,0.6,0.1,NA,NA,NA,NA,92.4
Sliwinskietal2019,RatCreekTuff,36,13.6,14.9,13.9,0.6,6.1,7.4,0.7,0.2,NA,NA,NA,NA,93.4
Sliwinskietal2019,RatCreekTuff,36.5,13.6,15.8,14.3,0.3,6,8,0.8,0.2,NA,NA,NA,NA,95.5
Sliwinskietal2019,RatCreekTuff,35.5,13.2,14.9,13.9,0.4,6.2,8,0.7,0.1,NA,NA,NA,NA,92.9
Sliwinskietal2019,RatCreekTuff,37.1,12.7,14.4,13.8,0.1,4.8,7,0.2,0.4,NA,NA,NA,NA,90.5
Sliwinskietal2019,RatCreekTuff,36.2,14,13.9,15.2,0.2,6.3,7.9,0.9,0.1,NA,NA,NA,NA,94.7
Sliwinskietal2019,RatCreekTuff,35.3,13.5,13.5,13.9,0.4,5.4,5.8,0.2,1.5,NA,NA,NA,NA,89.5
Sliwinskietal2019,RatCreekTuff,35.7,13.6,14,14.6,0.3,6,7.7,0.8,0.4,NA,NA,NA,NA,93.1
Sliwinskietal2019,RatCreekTuff,35.6,13.6,14.2,14.4,0.5,6.2,8.2,0.8,0.1,NA,NA,NA,NA,93.6
Sliwinskietal2019,RatCreekTuff,36.8,12.5,17,13.1,0.3,5.4,9,0.2,0.1,NA,NA,NA,NA,94.4
Sliwinskietal2019,RatCreekTuff,36.4,13.9,12.8,15.9,0.2,6.3,7.9,1,0.1,NA,NA,NA,NA,94.5
Sliwinskietal2019,RatCreekTuff,35.6,13.5,13.8,14.6,0.2,6.2,8.1,0.8,0,NA,NA,NA,NA,92.8
Sliwinskietal2019,RatCreekTuff,36.8,12.5,16.4,13.6,0.3,4.9,9,0.2,0,NA,NA,NA,NA,93.7
Sliwinskietal2019,RatCreekTuff,35.6,13.6,13.4,14.8,0.3,6.3,8.2,0.8,0.1,NA,NA,NA,NA,93.1
Sliwinskietal2019,RatCreekTuff,35.6,13.6,15.6,13.8,0.3,6.5,8.2,0.7,0.1,NA,NA,NA,NA,94.4
Sliwinskietal2019,RatCreekTuff,35.8,14,12.2,15.9,0.2,6.3,7.9,0.9,0.1,NA,NA,NA,NA,93.3
Sliwinskietal2019,RatCreekTuff,36.3,14.2,12.2,15.8,0.2,6.5,7.9,1,0,NA,NA,NA,NA,94.1
Sliwinskietal2019,RatCreekTuff,35.7,13.7,14,14.5,0.5,6.1,8.1,0.9,0,NA,NA,NA,NA,93.5
Sliwinskietal2019,RatCreekTuff,35.9,12.9,14.7,13.9,0.4,5.8,8.5,0.2,0,NA,NA,NA,NA,92.3
Sliwinskietal2019,RatCreekTuff,35.6,13.9,12.3,15.7,0.2,6,7.8,0.9,0,NA,NA,NA,NA,92.4
Sliwinskietal2019,RatCreekTuff,34.1,12.7,14.1,12.9,0.5,6,7.5,0.7,0.2,NA,NA,NA,NA,88.7
Sliwinskietal2019,RatCreekTuff,33.5,11.8,12.3,12.1,0.2,5.1,6.4,0.2,0.6,NA,NA,NA,NA,82.2
Sliwinskietal2019,RatCreekTuff,34.5,12.5,13.8,12.8,0.5,5.7,7.5,0.2,0.1,NA,NA,NA,NA,87.6
Sliwinskietal2019,RatCreekTuff,37.1,12.6,13.8,13.3,0.3,5.7,7.2,0.2,0.4,NA,NA,NA,NA,90.6
Sliwinskietal2019,RatCreekTuff,36.3,13.6,14.4,14.5,0.3,7,8.2,0.2,0,NA,NA,NA,NA,94.5
Sliwinskietal2019,RatCreekTuff,36.5,13.2,13.2,13.9,0.1,5.4,6.9,0.2,1,NA,NA,NA,NA,90.4
Sliwinskietal2019,RatCreekTuff,36.4,13.5,14.6,13.7,0.5,7,7.8,0.7,0.1,NA,NA,NA,NA,94.3
Sliwinskietal2019,RatCreekTuff,37.2,13.7,14.1,13.8,0.2,5.5,7.2,0.2,0.6,NA,NA,NA,NA,92.5
Sliwinskietal2019,RatCreekTuff,37.3,14.3,13.9,15,0.2,6.9,7.9,0.8,0.2,NA,NA,NA,NA,96.5
Sliwinskietal2019,RatCreekTuff,35.8,13.2,14.6,13.4,0.4,6.2,7.5,0.1,0.4,NA,NA,NA,NA,91.6
Sliwinskietal2019,RatCreekTuff,36.1,13.7,15.6,13.7,0.5,7.1,8.1,0.7,0.1,NA,NA,NA,NA,95.6
Sliwinskietal2019,RatCreekTuff,35.4,12.3,14.5,12.9,0.3,5.8,7.1,0.2,0.6,NA,NA,NA,NA,89.1
Sliwinskietal2019,RatCreekTuff,36.5,13.1,14.6,13.4,0.4,6.1,7.5,0.2,0.4,NA,NA,NA,NA,92.2
Sliwinskietal2019,RatCreekTuff,35.5,13,13.2,14.4,0.2,5.6,6,0.2,0.7,NA,NA,NA,NA,88.8
Sliwinskietal2019,RatCreekTuff,36.4,13.5,14.6,13.8,0.4,6.4,8.2,0.7,0.1,NA,NA,NA,NA,94.1
Sliwinskietal2019,RatCreekTuff,37,13.9,13.8,14.9,0.3,6.7,8.2,0.9,0.1,NA,NA,NA,NA,95.8
Sliwinskietal2019,RatCreekTuff,36,13.4,14.9,13.7,0.4,6.6,7.7,0.7,0.2,NA,NA,NA,NA,93.6
Sliwinskietal2019,RatCreekTuff,39,12.2,13.9,14,0.2,5,6.5,0.2,0.7,NA,NA,NA,NA,91.7
Sliwinskietal2019,RatCreekTuff,35.7,13.3,15.1,13.6,0.3,7,8,0.7,0.1,NA,NA,NA,NA,93.8
Sliwinskietal2019,RatCreekTuff,36.8,13.8,13.3,14,0.2,5.9,7.2,0.2,0.6,NA,NA,NA,NA,92
Sliwinskietal2019,RatCreekTuff,36.4,12.7,15.6,12.9,0.7,4.9,7.4,0.2,0.6,NA,NA,NA,NA,91.4
Sliwinskietal2019,RatCreekTuff,36.8,12.9,15.3,13,0.6,5.4,8,0.2,0.4,NA,NA,NA,NA,92.6
Sliwinskietal2019,RatCreekTuff,37.2,13,15.5,13.6,0.5,5.8,7.9,0.2,0.4,NA,NA,NA,NA,94.1
Sliwinskietal2019,RatCreekTuff,36.7,12.6,15.2,13.6,0.6,5,7.5,0.2,0.4,NA,NA,NA,NA,91.8
Sliwinskietal2019,RatCreekTuff,39,12.4,15.2,13.6,0.6,4.5,7.9,0.2,0.1,NA,NA,NA,NA,93.5
Sliwinskietal2019,RatCreekTuff,36.6,13,16,13.3,0.7,5.2,8.3,0.2,0.1,NA,NA,NA,NA,93.4
Sliwinskietal2019,RatCreekTuff,37,12.6,15.6,13.1,0.6,5.1,7.9,0.2,0.1,NA,NA,NA,NA,92.2
Sliwinskietal2019,RatCreekTuff,37.1,12.7,15.4,13.5,0.8,4.9,7.2,0.2,0.5,NA,NA,NA,NA,92.3
Sliwinskietal2019,RatCreekTuff,36.5,13.7,15.5,13.7,0.4,7.2,8.3,0.2,0.1,NA,NA,NA,NA,95.6
Sliwinskietal2019,RatCreekTuff,37.8,12.5,15.5,13.9,0.7,4.7,7.8,0.2,0.2,NA,NA,NA,NA,93.3
Sliwinskietal2019,RatCreekTuff,37.7,12.7,14.8,13.1,0.7,5.7,7.4,0.2,0.7,NA,NA,NA,NA,93
Sliwinskietal2019,RatCreekTuff,37.4,11.9,15.6,12.8,0.6,4.6,7.9,0.2,0.2,NA,NA,NA,NA,91.2
Sliwinskietal2019,RatCreekTuff,36.9,12.6,16,13,0.6,4.9,7.6,0.2,0.5,NA,NA,NA,NA,92.3
Sliwinskietal2019,RatCreekTuff,35.9,13.1,16.6,12.8,0.7,7,8.3,0.2,0.1,NA,NA,NA,NA,94.7
Sliwinskietal2019,RatCreekTuff,35.1,11.9,15.8,12.2,0.7,5.2,7.5,0.2,0.3,NA,NA,NA,NA,88.9
Sliwinskietal2019,RatCreekTuff,37.6,12.7,14.9,13.6,0.6,4.7,8.1,0.2,0.4,NA,NA,NA,NA,92.8
Sliwinskietal2019,RatCreekTuff,36.1,13,15.9,12.9,0.8,6.2,8.3,0.2,0.1,NA,NA,NA,NA,93.5
Sliwinskietal2019,RatCreekTuff,37.8,12.2,14.7,13.1,0.5,4.3,7.3,0.2,0.7,NA,NA,NA,NA,90.8
Sliwinskietal2019,RatCreekTuff,38.2,12.7,15.7,13.7,0.6,4.6,7.8,0.2,0.3,NA,NA,NA,NA,93.8
Sliwinskietal2019,RatCreekTuff,37.4,12.6,15.7,13.2,0.8,4.9,7.5,0.2,0.4,NA,NA,NA,NA,92.7
Sliwinskietal2019,RatCreekTuff,37.6,12.3,17.5,13.5,0.2,5.2,9.2,0.3,0,NA,NA,NA,NA,95.8
Sliwinskietal2019,RatCreekTuff,36.9,12.2,17.9,13.1,0.3,5.2,9,0.3,0,NA,NA,NA,NA,94.9
Sliwinskietal2019,RatCreekTuff,37.3,12.3,18.2,13.6,0.3,5.3,9.1,0.3,0,NA,NA,NA,NA,96.4
Sliwinskietal2019,RatCreekTuff,37.8,12.5,16.8,13.7,0.3,5.3,9.1,0.3,0,NA,NA,NA,NA,95.8
Sliwinskietal2019,RatCreekTuff,37.3,12.5,18.2,13.2,0.2,5.4,9.2,0.3,0,NA,NA,NA,NA,96.3
Sliwinskietal2019,RatCreekTuff,38.1,12.5,16.8,13.8,0.3,5.3,9,0.3,0,NA,NA,NA,NA,96.1
Sliwinskietal2019,RatCreekTuff,37.2,12.5,17.6,13.1,0.4,5.3,9,0.3,0,NA,NA,NA,NA,95.4
Sliwinskietal2019,RatCreekTuff,38,12.2,17.3,13.2,0.3,5,8.9,0.3,0,NA,NA,NA,NA,95.2
Sliwinskietal2019,RatCreekTuff,37.5,12.5,17.2,13.4,0.5,5.3,9.2,0.3,0,NA,NA,NA,NA,95.9
Sliwinskietal2019,RatCreekTuff,37.9,12.5,16.6,13.5,0.3,5.3,9.3,0.3,0,NA,NA,NA,NA,95.8
Sliwinskietal2019,RatCreekTuff,37.2,12.2,17.9,13.2,0.1,5.5,9.1,0.3,0.1,NA,NA,NA,NA,95.6
Sliwinskietal2019,RatCreekTuff,37.5,12.5,17.2,13.6,0.3,5.1,8.9,0.3,0,NA,NA,NA,NA,95.4
Sliwinskietal2019,RatCreekTuff,37,12.2,16.5,13.1,0.2,5.6,8.9,0.2,0.1,NA,NA,NA,NA,93.8
Sliwinskietal2019,RatCreekTuff,37.6,12.5,16.9,13.7,0.2,5.4,9.1,0.3,0,NA,NA,NA,NA,95.7
Sliwinskietal2019,RatCreekTuff,37.3,12.4,17.7,12.9,0.2,5.3,9.2,0.3,0,NA,NA,NA,NA,95.3
Webber1988Thesis,CarpenterRidgeTuff,37.66,13.43,18.27,12.29,0.3,4.46,8.62,0.34,0.08,0.27,0.84,0.14,NA,96.7
Webber1988Thesis,CarpenterRidgeTuff,37.45,13.8,17.97,12.76,0.35,4.37,8.87,0.31,0.03,0.27,1.14,0.15,NA,97.46
Webber1988Thesis,CarpenterRidgeTuff,36.7,13.05,17.96,13.49,0.42,4.95,9.08,0.46,NA,0.32,1.23,0.14,NA,97.79
Webber1988Thesis,CarpenterRidgeTuff,38.07,13.52,17.64,13.7,0.43,4.93,8.98,0.46,0.01,0.2,1.27,0.13,NA,99.34
Webber1988Thesis,CarpenterRidgeTuff,38.19,13.33,17.26,13.4,0.56,4.97,8.95,0.49,NA,0.7,1.12,0.11,NA,99.07
Webber1988Thesis,CarpenterRidgeTuff,37.86,13.93,17.42,13.23,0.32,4.4,9.13,0.38,0.1,0.38,1.57,0.18,NA,98.89
Webber1988Thesis,CarpenterRidgeTuff,36.93,14.5,18.35,12.48,0.32,4.71,9.04,0.4,NA,0.75,0.74,0.16,NA,98.38
Webber1988Thesis,CarpenterRidgeTuff,38.42,13.35,18.61,13.2,0.44,4.68,9.21,0.52,NA,0.2,1.06,0.14,NA,99.83
Webber1988Thesis,CarpenterRidgeTuff,38.68,13.23,18.5,12.66,0.45,4.64,9.27,0.51,0.03,0.25,1.92,0.13,NA,100.26
Webber1988Thesis,CarpenterRidgeTuff,37.96,13.9,18.52,13.19,0.45,4.74,9.39,0.53,NA,0.41,1.17,0.11,NA,100.36
Webber1988Thesis,CarpenterRidgeTuff,38.91,13.48,17.74,13.56,0.53,4.68,9.02,0.42,0.04,0.32,1.88,0.1,NA,100.66
Webber1988Thesis,BlueCreekTuff,36.98,14.35,14.64,15.6,0.25,6.38,9.21,0.56,NA,0.94,0.8,0.08,NA,99.79
Webber1988Thesis,BlueCreekTuff,36.47,13.76,14.42,14.99,0.24,6.18,9.03,0.61,0.03,0.8,0.77,0.09,NA,97.4
Webber1988Thesis,BlueCreekTuff,38.05,14.99,14.44,14.22,0.22,6.01,9.56,0.59,0.09,1.04,0.6,0.08,NA,99.9
Webber1988Thesis,BlueCreekTuff,38.43,15.03,14.58,15.06,0.32,5.88,9.51,0.49,0.02,0.84,0.22,0.1,NA,100.46
Webber1988Thesis,BlueCreekTuff,37.43,14.73,14.74,14.35,0.26,5.87,9.2,0.99,0.01,1.01,0.61,0.1,NA,99.29
Webber1988Thesis,BlueCreekTuff,37.51,15.03,14.52,15.06,0.27,5.8,9.29,0.69,NA,0.96,0.43,0.09,NA,99.66
Webber1988Thesis,BlueCreekTuff,38.91,12.17,14.02,13.55,0.28,5.73,9.52,1.24,0.02,0.66,0.73,0.1,NA,96.91
Webber1988Thesis,BlueCreekTuff,38.82,15.12,13.66,14.66,0.18,5.33,9.29,1.05,NA,0.77,0.81,0.06,NA,99.74
Webber1988Thesis,BlueCreekTuff,37.48,13.82,14.76,14.25,0.26,5.77,9.64,0.61,NA,0.83,1.2,0.1,NA,98.71
Webber1988Thesis,BlueCreekTuff,36.48,13.63,14.56,15.27,0.29,5.29,8.94,0.54,0.01,0.82,0.11,0.09,NA,96.02
Webber1988Thesis,BlueCreekTuff,36.87,13.92,14.81,15.09,0.3,5.24,8.78,0.61,NA,0.91,0.07,0.08,NA,98.69
Webber1988Thesis,BlueCreekTuff,36.67,13.84,14.96,15.21,0.33,5.27,8.96,0.61,NA,0.9,0.06,0.09,NA,96.9
Webber1988Thesis,BlueCreekTuff,36.71,13.52,14.67,15.17,0.29,5.34,8.94,0.48,NA,0.93,NA,0.08,NA,96.13
Webber1988Thesis,BlueCreekTuff,38.7,13.82,13.62,15.36,0.25,5.41,8.09,0.53,NA,1.06,0.54,0.09,NA,97.45
Webber1988Thesis,BlueCreekTuff,37.64,14.3,13.64,16.01,0.28,5.08,8.27,0.72,0.04,0.81,1.26,0.1,NA,98.15
Webber1988Thesis,BlueCreekTuff,36.95,14.71,13.82,15.82,0.22,5.11,8.59,0.78,0.01,1.08,1.58,0.11,NA,98.78
Webber1988Thesis,BlueCreekTuff,34.96,14.58,14.65,16.07,0.21,5.11,8.68,0.51,0.02,0.93,0.71,0.09,NA,98.52
Webber1988Thesis,BlueCreekTuff,36.75,14.93,14.7,16,0.21,5.36,8.82,0.59,0.02,0.92,1.43,0.1,NA,99.83
Webber1988Thesis,BlueCreekTuff,37.21,14.75,13.95,16.37,0.2,5.2,8.8,0.66,0.04,0.74,1.47,0.11,NA,99.51
Webber1988Thesis,WasonParkTuff,38.19,12.92,14.01,15.72,0.39,5.46,8.66,0.58,NA,0.93,1.5,0.11,NA,98.47
Webber1988Thesis,WasonParkTuff,36.59,12.75,14.33,15.9,0.37,5.39,8.88,0.65,0.01,0.87,1.41,0.1,NA,97.27
Webber1988Thesis,WasonParkTuff,37.5,13.15,14.39,15.9,0.39,5.54,8.7,0.67,0.05,0.97,1.39,0.11,NA,98.75
Webber1988Thesis,WasonParkTuff,38.4,13.58,13.6,15.44,0.4,5.42,8.38,0.56,0.02,0.79,1.44,0.09,NA,98.14
Webber1988Thesis,WasonParkTuff,37.37,14.06,13.99,15.65,0.36,4.92,8.91,0.59,0.02,0.67,1.49,0.11,NA,98.14
Webber1988Thesis,WasonParkTuff,37.58,14.01,14.04,15.69,0.48,5.58,9.44,0.49,NA,1.07,0.22,0.09,NA,98.69
Webber1988Thesis,WasonParkTuff,37.75,13.51,13.24,15.95,0.37,5.42,9.56,0.45,0.01,0.89,0.69,0.08,NA,97.93
Webber1988Thesis,WasonParkTuff,38.13,14.08,13.71,15.37,0.4,5.14,9.17,0.6,0.06,0.99,1.51,0.08,NA,99.24
Webber1988Thesis,WasonParkTuff,37.07,14.5,14.39,15.48,0.45,5.19,9.01,0.72,0.06,1.04,1.48,0.11,NA,99.51
Webber1988Thesis,WasonParkTuff,37.37,14.33,14.63,15.7,0.4,5.28,9.23,0.69,0.05,1.02,1.49,0.1,NA,100.29
Webber1988Thesis,WasonParkTuff,37.69,13.65,13.91,14.47,0.41,5.24,9.29,0.72,.,1,1.54,0.08,NA,97.99
Webber1988Thesis,WasonParkTuff,37.3,13.73,14,14.78,0.42,5.38,9.23,0.7,NA,0.92,1.1,0.09,NA,97.64
Webber1988Thesis,WasonParkTuff,37.64,12,13.23,14.7,0.38,5.49,9.28,0.87,NA,1.02,5.3,0.09,NA,100.01
Webber1988Thesis,WasonParkTuff,38.22,14.86,13.15,16.41,0.4,5.48,9.01,0.44,0.1,0.99,0.28,0.1,NA,99.41
Sliwinskietal2017,MasonicParkTuff,36.51,13.06,17.01,13.53,0.3868,4.41,9.19,0.4263,0.0335,NA,0.4933,0.1592,NA,94.97
Sliwinskietal2017,MasonicParkTuff,37.46,12.89,17.22,13.7,0.3519,4.38,9.59,0.3631,0,NA,0.362,0.1621,NA,96.28
Sliwinskietal2017,MasonicParkTuff,37.38,12.83,17.66,13.26,0.2805,4.6,9.12,0.4445,0,NA,0.4401,0.1577,NA,95.98
Sliwinskietal2017,MasonicParkTuff,37,13.25,17.2,13.44,0.3527,4.47,9.6,0.3586,0.0286,NA,0.8273,0.1959,NA,96.39
Sliwinskietal2017,MasonicParkTuff,36.98,12.75,17.34,13.92,0.2771,4.39,9.13,0.4166,0.0125,NA,0.3692,0.2015,NA,95.59
Sliwinskietal2017,MasonicParkTuff,36.93,13.22,14.97,14.79,0.1209,5.04,9.65,0.5999,0,NA,0.5925,0.1796,NA,95.79
Sliwinskietal2017,MasonicParkTuff,36.5,13.28,15.02,14.57,0.2419,5.48,8.93,0.5706,0.0095,NA,0.547,0.1758,NA,95.06
Sliwinskietal2017,MasonicParkTuff,36.97,13.41,14.22,14.7,0.0865,5.7,9.49,0.1586,0.0765,NA,0.6044,0.1731,NA,95.32
Sliwinskietal2017,MasonicParkTuff,36.6,13.24,14.8,15.01,0.1118,5.24,9.57,0.5602,0.0472,NA,0.6112,0.1559,NA,95.65
Sliwinskietal2017,MasonicParkTuff,37.09,13.11,15.03,14.6,0.1483,5,8.9,0.4831,0.0637,NA,0.8725,0.1561,NA,95.05
Sliwinskietal2017,MasonicParkTuff,36.83,13.29,14.46,15,0.1043,5.05,9.47,0.4328,0.0751,NA,0.7966,0.1888,NA,95.32
Sliwinskietal2017,MasonicParkTuff,36.63,13.35,14.62,14.97,0.1655,5.4,9.08,0.4952,0.0691,NA,0.7804,0.172,NA,95.4
Sliwinskietal2017,MasonicParkTuff,36.75,13.34,14.6,15.06,0.0985,5.32,9.45,0.5163,0.0339,NA,0.8123,0.1694,NA,95.78
Sliwinskietal2017,MasonicParkTuff,38.85,12.8,14.25,14.91,0.1159,4.94,7.78,0.4877,0.167,NA,0.8081,0.1155,NA,94.88
Sliwinskietal2017,MasonicParkTuff,37.06,13.36,13.91,15.02,0.1409,5.38,9.31,0.5059,0.0075,NA,0.851,0.1738,NA,95.32
Sliwinskietal2017,MasonicParkTuff,36.69,13.45,14.45,15.01,0.1018,5.26,9.1,0.5438,0.0129,NA,0.9074,0.1619,NA,95.26
Sliwinskietal2017,MasonicParkTuff,37.49,12.42,15.03,13.76,0.1282,4.61,8.19,0.5639,0.3398,NA,0.9967,0.1579,NA,93.24
Sliwinskietal2017,MasonicParkTuff,37.66,13.62,16.03,14.39,0.0766,5.13,8.61,0.5693,0.0956,NA,0.9119,0.1646,NA,96.84
Sliwinskietal2017,MasonicParkTuff,36.06,13.43,15.29,14.65,0.1425,5.18,9.24,0.5306,0.0048,NA,0.8075,0.1364,NA,95.13
Sliwinskietal2017,MasonicParkTuff,36.62,13.41,14.83,14.86,0.119,5.36,9.19,0.6117,0.0122,NA,0.6561,0.1618,NA,95.53
Sliwinskietal2017,MasonicParkTuff,36.02,13.39,15.3,14.4,0.0971,5.36,8.94,0.5918,0.0075,NA,0.7956,0.1538,NA,94.72
Sliwinskietal2017,MasonicParkTuff,36.5,12.97,14.9,14.31,0.1275,5.06,8.59,0.5421,0.1694,NA,0.4945,0.148,NA,93.57
Sliwinskietal2017,MasonicParkTuff,36.39,13.16,15,14.53,0.1777,5.27,8.96,0.5384,0.0258,NA,0.4665,0.2067,NA,94.49
Sliwinskietal2017,MasonicParkTuff,36.73,13,14.91,14.58,0.1502,5.01,8.84,0.534,0.0406,NA,0.4621,0.1484,NA,94.17
Sliwinskietal2017,MasonicParkTuff,37.06,12.8,15.21,14.42,0.1509,5.01,8.63,0.5459,0.0532,NA,0.4521,0.1542,NA,94.26
Sliwinskietal2017,MasonicParkTuff,36.87,13.03,15.28,14.31,0.1726,4.81,8.6,0.549,0.1003,NA,0.4934,0.1568,NA,94.13
Sliwinskietal2017,MasonicParkTuff,36.87,12.72,15.52,14.01,0.1473,5.07,8.55,0.5356,0.1084,NA,0.5761,0.1445,NA,93.99
Sliwinskietal2017,MasonicParkTuff,36.21,12.95,15.31,14.3,0.0965,5.02,8.78,0.5848,0.0782,NA,0.7608,0.1591,NA,93.9
Sliwinskietal2017,MasonicParkTuff,36.49,12.96,14.71,14.84,0.1408,5.25,9.12,0.5119,0.0652,NA,1.0895,0.1765,NA,94.84
Sliwinskietal2017,MasonicParkTuff,36.8,13.28,14.24,15.08,0.0769,5.24,9.13,0.523,0.0416,NA,1.1885,0.1734,NA,95.24
Sliwinskietal2017,MasonicParkTuff,36.11,13.01,15.12,14.49,0.102,5.27,9.33,0.5024,0,NA,0.75,0.1731,NA,94.5
Sliwinskietal2017,MasonicParkTuff,36.23,13.15,15.21,14.47,0.1356,5.22,8.89,0.5481,0.0192,NA,0.6149,0.1602,NA,94.36
Sliwinskietal2017,MasonicParkTuff,36.06,13.15,14.96,14.4,0.1438,5.26,9.38,0.51,0,NA,0.5136,0.1753,NA,94.29
Sliwinskietal2017,MasonicParkTuff,36.38,13.16,15.19,14.46,0.1199,5.34,8.84,0.5304,0,NA,0.4477,0.1807,NA,94.42
Sliwinskietal2017,MasonicParkTuff,36.18,13.02,15.17,14.39,0.139,5.22,9.11,0.573,0,NA,0.397,0.1768,NA,94.17
Sliwinskietal2017,MasonicParkTuff,36.6,13.32,14.76,14.44,0.0993,5.15,8.99,0.4869,0,NA,0.4402,0.1872,NA,94.25
Sliwinskietal2017,MasonicParkTuff,37.14,13.28,15.17,14.57,0.1488,5.31,9.23,0.5298,0,NA,0.416,0.1757,NA,95.74
Sliwinskietal2017,MasonicParkTuff,36.87,13.39,15.11,14.52,0.1099,5.28,9.18,0.4881,0,NA,0.3938,0.1923,NA,95.32
Sliwinskietal2017,MasonicParkTuff,36.49,13.37,15.32,14.71,0.1306,5.35,9.35,0.5023,0.0063,NA,0.3825,0.195,NA,95.6
Sliwinskietal2017,MasonicParkTuff,36.45,13.31,15.09,14.57,0.088,5.27,9.01,0.5513,0.015,NA,0.3946,0.1695,NA,94.71
Sliwinskietal2017,MasonicParkTuff,36.69,13.31,15.22,14.66,0.1381,5.28,9.16,0.5218,0,NA,0.3902,0.1802,NA,95.34
Sliwinskietal2017,MasonicParkTuff,36.23,13.28,15.13,14.33,0.139,5.43,9.14,0.5361,0.0052,NA,0.3571,0.17,NA,94.56
Sliwinskietal2017,MasonicParkTuff,36.31,13.36,15.06,14.54,0.1209,5.36,9.26,0.5702,0,NA,0.3673,0.1694,NA,94.93
Sliwinskietal2017,MasonicParkTuff,36.11,13.3,15.38,14.54,0.1424,5.25,8.91,0.5607,0,NA,0.3904,0.1826,NA,94.55
Sliwinskietal2017,MasonicParkTuff,36.44,13.27,15.06,14.27,0.1428,5.35,9.1,0.5817,0,NA,0.3671,0.1775,NA,94.56
Sliwinskietal2017,MasonicParkTuff,36.18,13.26,15.01,14.54,0.088,5.37,8.8,0.5565,0,NA,0.3641,0.1575,NA,94.14
Sliwinskietal2017,MasonicParkTuff,36.2,13.28,15.29,14.45,0.1321,5.38,8.92,0.5686,0.0043,NA,0.3669,0.1657,NA,94.58
Sliwinskietal2017,MasonicParkTuff,36.27,13.28,15.16,14.54,0.1396,5.27,8.79,0.5535,0,NA,0.3667,0.2057,NA,94.38
Sliwinskietal2017,MasonicParkTuff,36.07,13.16,15.03,14.53,0.1099,5.26,9.01,0.5789,0,NA,0.4017,0.1722,NA,94.11
Sliwinskietal2017,MasonicParkTuff,36.18,13.18,15.2,14.51,0.1146,5.31,8.89,0.6118,0,NA,0.3621,0.1668,NA,94.34
Sliwinskietal2017,MasonicParkTuff,36.15,13.2,15.16,14.51,0.1193,5.3,9.18,0.5819,0,NA,0.3957,0.1935,NA,94.58
Sliwinskietal2017,MasonicParkTuff,36.59,13.33,15.23,14.79,0.1256,5.31,9.02,0.5805,0.0049,NA,0.4731,0.1722,NA,95.38
Sliwinskietal2017,MasonicParkTuff,36.75,12.9,14.72,14.26,0.1601,5.31,8.89,0.4727,0.1054,NA,0.4412,0.1843,NA,93.97
Sliwinskietal2017,MasonicParkTuff,37.4,13.36,15.05,14.66,0.1071,5.31,8.96,0.4712,0.0158,NA,0.5557,0.1739,NA,95.79
Sliwinskietal2017,MasonicParkTuff,36.55,13.33,14.7,14.9,0.1056,5.24,9.28,0.5136,0.0043,NA,0.5947,0.1778,NA,95.11
Sliwinskietal2017,MasonicParkTuff,36.44,13.2,14.66,14.64,0.1068,5.16,9.03,0.5203,0,NA,0.6748,0.1923,NA,94.31
Sliwinskietal2017,MasonicParkTuff,36.56,13.24,14.75,14.69,0.125,5.24,9.45,0.4984,0.0024,NA,0.7309,0.1687,NA,95.1
Sliwinskietal2017,MasonicParkTuff,36.44,13.01,15.09,14.44,0.0911,5.14,8.7,0.497,0.0123,NA,0.8877,0.1723,NA,94.06
Sliwinskietal2017,MasonicParkTuff,36.49,12.98,15.18,14.54,0.1161,5.37,9.17,0.538,0.013,NA,1.192,0.1654,NA,95.22
Sliwinskietal2017,MasonicParkTuff,36.75,13.01,12.32,16.27,0.0854,5.32,9.14,0.4337,0.0104,NA,2.2056,0.1701,NA,94.75
Sliwinskietal2017,MasonicParkTuff,36.22,13.07,14.99,14.93,0.1306,5.06,9.34,0.5507,0.013,NA,0.3868,0.1412,NA,94.64
Sliwinskietal2017,MasonicParkTuff,36.89,13.45,13.5,15.38,0.1278,5.48,9.61,0.2292,0,NA,0.4309,0.1598,NA,95.05
Sliwinskietal2017,MasonicParkTuff,36.62,14,13.7,15.08,0.0889,5.72,10.15,0.1668,0.0016,NA,0.361,0.1953,NA,95.88
Sliwinskietal2017,MasonicParkTuff,38,13.6,13.47,14.22,0.1003,5.78,9.57,0.1304,0.0498,NA,0.2933,0.1621,NA,95.22
Sliwinskietal2017,MasonicParkTuff,40.26,14.34,12.88,13.3,0.0592,5.11,9,0.0982,0.162,NA,0.2159,0.156,NA,95.44
Sliwinskietal2017,MasonicParkTuff,36.68,12.95,14.39,12.74,0.0909,5.71,9.36,0.0719,0.2131,NA,0.1973,0.1714,NA,92.45
Sliwinskietal2017,MasonicParkTuff,36.83,13.67,13.57,15.09,0.0923,5.26,9.74,0.2711,0.003,NA,0.3449,0.1823,NA,94.85
Sliwinskietal2017,MasonicParkTuff,37.29,13.29,14.61,14.56,0.1048,4.84,9.65,0.2603,0.1347,NA,0.2824,0.1779,NA,95.04
Sliwinskietal2017,MasonicParkTuff,36.53,13.29,15.03,14.86,0.113,5.2,9.44,0.3855,0.0025,NA,0.3451,0.181,NA,95.2
Sliwinskietal2017,MasonicParkTuff,36.95,13.22,15.07,14.81,0.1351,5.24,9.51,0.444,0,NA,0.3517,0.1675,NA,95.71
Sliwinskietal2017,MasonicParkTuff,36.53,13.21,15.38,14.88,0.1177,5.2,9.21,0.3711,0,NA,0.3978,0.1297,NA,95.23
Sliwinskietal2017,MasonicParkTuff,36.94,13.18,15.51,14.64,0.1035,5.19,9.61,0.4636,0.0162,NA,0.402,0.2024,NA,96.05
Sliwinskietal2017,MasonicParkTuff,36.68,13.31,16.33,14.51,0.09,5.04,9.3,0.4315,0.0151,NA,0.6769,0.1856,NA,96.25
Sliwinskietal2017,MasonicParkTuff,36.41,13.16,16.33,13.9,0.0781,5.35,9.62,0.4037,0.086,NA,0.7809,0.1617,NA,95.92
Sliwinskietal2017,MasonicParkTuff,37.39,12.89,15.82,14.41,0.0024,5.2,9.22,0.3602,0.0525,NA,1.3924,0.1796,NA,96.3
Sliwinskietal2017,MasonicParkTuff,36.26,13.4,15.94,14.2,0.0702,5.06,9.7,0.3628,0.0114,NA,1.533,0.1523,NA,96.02
Sliwinskietal2017,MasonicParkTuff,36.49,13.31,14.61,15.04,0.0593,5.12,9.41,0.3937,0,NA,2.2255,0.1688,NA,95.86
Sliwinskietal2017,MasonicParkTuff,36.67,12.99,18.26,13.57,0.3223,4.46,9.24,0.4055,0.1058,NA,1.15,0.1646,NA,96.82
Sliwinskietal2017,MasonicParkTuff,37.91,13.75,17.76,14.06,0.1819,4.49,8.94,0.4524,0.2719,NA,2.04,0.2024,NA,99.15
Sliwinskietal2017,MasonicParkTuff,38.66,13.68,14.18,14.22,0.167,3.93,8.05,0.5864,0.4073,NA,0.8072,0.1915,NA,94.5
Sliwinskietal2017,MasonicParkTuff,37.44,13.24,13.1,15.05,0.1448,4.65,9.56,0.2278,0.0424,NA,2.8197,0.2204,NA,95.27
Sliwinskietal2017,MasonicParkTuff,36.64,12.87,17.26,13.41,0.1605,4.55,9.31,0.4286,0.0205,NA,2.5296,0.1418,NA,96.22
Sliwinskietal2017,MasonicParkTuff,35.26,12.3,14.41,13.4,0.1839,4.58,9.42,0.3867,0.0594,NA,2.202,0.2843,NA,91.49
Sliwinskietal2017,MasonicParkTuff,36.52,12.5,18.82,13.47,0.3341,4.24,8.81,0.4787,0.1007,NA,1.0575,0.1913,NA,96.04
Sliwinskietal2017,MasonicParkTuff,36.85,12.92,17.5,13.66,0.2985,4.52,9.36,0.4352,0.0209,NA,0.2574,0.1969,NA,95.87
Sliwinskietal2017,MasonicParkTuff,36.97,13.01,17.58,13.74,0.3127,4.45,9.22,0.4544,0.0415,NA,0.2303,0.1767,NA,96.06
Sliwinskietal2017,MasonicParkTuff,37.52,12.71,17.39,13.69,0.2622,4.25,9.12,0.4139,0.0783,NA,0.193,0.1505,NA,95.66
Sliwinskietal2017,MasonicParkTuff,36.65,12.75,17.29,13.41,0.2808,4.42,9.28,0.3716,0.029,NA,0.1735,0.1913,NA,94.73
Sliwinskietal2017,MasonicParkTuff,36.8,12.88,17.61,13.68,0.3536,4.4,9.32,0.4329,0.0072,NA,0.1532,0.1699,NA,95.69
Sliwinskietal2017,MasonicParkTuff,36.5,12.93,17.31,13.64,0.3259,4.38,9.06,0.4313,0.0207,NA,0.1568,0.1441,NA,94.8
Sliwinskietal2017,MasonicParkTuff,36.83,13.05,17.32,13.46,0.3317,4.49,9.37,0.4133,0.0131,NA,0.1765,0.1747,NA,95.52
Sliwinskietal2017,MasonicParkTuff,36.99,13.09,17.58,13.59,0.3018,4.42,9.29,0.3693,0.0342,NA,0.3601,0.172,NA,96
Sliwinskietal2017,MasonicParkTuff,38.11,12.88,17.6,13.53,0.2413,4.42,9.34,0.2823,0.0844,NA,1.0216,0.1891,NA,97.23
Sliwinskietal2017,MasonicParkTuff,34.64,12.11,16.92,11.87,0.2954,4.35,8.86,0.1567,0.356,NA,0.9093,0.151,NA,90.2
Sliwinskietal2017,MasonicParkTuff,37.24,13.41,16.77,13.41,0.2723,4.58,9.62,0.2321,0.0271,NA,1.0924,0.1807,NA,96.34
Sliwinskietal2017,MasonicParkTuff,37.44,13.38,18.22,13.39,0.2757,4.5,9.13,0.209,0.0376,NA,0.8746,0.1977,NA,97.24
Sliwinskietal2017,MasonicParkTuff,35.47,11.7,20.42,12.36,0.275,3.87,8.41,0.2989,0.179,NA,1.1908,0.1432,NA,93.79
Sliwinskietal2017,MasonicParkTuff,36.6,13.18,17.05,13.22,0.2259,4.47,9.22,0.237,0.0173,NA,1.5884,0.1656,NA,95.27
Sliwinskietal2017,MasonicParkTuff,36.7,13.12,17.95,13.19,0.2757,4.57,9.45,0.1955,0.0709,NA,1.5908,0.172,NA,96.58
Sliwinskietal2017,MasonicParkTuff,36.61,13.01,18.57,12.74,0.2532,4.35,9.14,0.3333,0.0761,NA,1.19,0.1612,NA,95.89
Sliwinskietal2017,MasonicParkTuff,36.91,11.94,17.74,12.58,0.2331,4.01,8.53,0.3433,0.2219,NA,0.7977,0.1575,NA,93.1
Sliwinskietal2017,MasonicParkTuff,36.15,12.77,18.36,13.21,0.3228,4.29,8.83,0.427,0.1076,NA,1.3212,0.1897,NA,95.38
Sliwinskietal2017,MasonicParkTuff,37.23,12.5,17,14.18,0.2583,4.27,8.97,0.3824,0.1339,NA,2.2357,0.2149,NA,96.38
Sliwinskietal2017,MasonicParkTuff,36.9,13,19.78,13.08,0.2731,4.42,9.04,0.4536,0.0333,NA,1.7409,0.1397,NA,98.1
Sliwinskietal2017,MasonicParkTuff,39.11,14.11,13.8,16.52,0.2172,4.52,9.39,0.2507,0.0746,NA,2.3973,0.1971,NA,99.53
Sliwinskietal2017,MasonicParkTuff,36.44,13.05,14.45,14.95,0.0972,5.15,9.09,0.5302,0.0027,NA,0.4479,0.1507,NA,94.14
Sliwinskietal2017,MasonicParkTuff,36.55,13.24,14.34,15.1,0.1238,5.19,9.41,0.5034,0.006,NA,0.4587,0.1489,NA,94.85
Sliwinskietal2017,MasonicParkTuff,36.66,13.29,14.38,15.22,0.1147,5.04,9.28,0.4739,0,NA,0.4921,0.183,NA,94.88
Sliwinskietal2017,MasonicParkTuff,37.11,13.32,14.2,15.16,0.079,5.34,9.65,0.4427,0,NA,0.5332,0.1256,NA,95.71
Sliwinskietal2017,MasonicParkTuff,36.84,13.26,14.35,15.14,0.1226,5.21,9.16,0.4994,0,NA,0.4982,0.1269,NA,94.97
Sliwinskietal2017,MasonicParkTuff,37.05,13.13,14.74,15.13,0.126,5.16,9.3,0.4801,0.0478,NA,0.5063,0.1578,NA,95.59
Sliwinskietal2017,MasonicParkTuff,37,13.29,14.61,15.17,0.1097,5.05,9.26,0.4774,0.0019,NA,0.5122,0.1692,NA,95.41
Sliwinskietal2017,MasonicParkTuff,36.72,13.4,14.4,15.03,0.115,5.18,9.86,0.4443,0,NA,0.4983,0.175,NA,95.56
Sliwinskietal2017,MasonicParkTuff,37.08,13.4,14.29,14.77,0.0709,5.45,9.14,0.4505,0.0341,NA,0.5136,0.163,NA,95.1
Sliwinskietal2017,MasonicParkTuff,36.78,13.56,14.48,14.98,0.126,5.25,9.71,0.409,0.0043,NA,0.5391,0.1483,NA,95.73
Sliwinskietal2017,MasonicParkTuff,36.66,13.56,14.01,15.13,0.0978,5.3,9.31,0.4286,0.0043,NA,0.5279,0.1377,NA,94.92
Sliwinskietal2017,MasonicParkTuff,36.99,13.38,14.42,14.91,0.1103,5.27,9.32,0.4317,0.0336,NA,0.516,0.1698,NA,95.29
Sliwinskietal2017,MasonicParkTuff,36.99,13.84,14.26,15.43,0.0853,5.39,9.34,0.4404,0,NA,0.555,0.2074,NA,96.27
Sliwinskietal2017,MasonicParkTuff,36.74,13.44,14.74,14.99,0.126,5.21,9.45,0.4148,0.0124,NA,0.537,0.1497,NA,95.54
Sliwinskietal2017,MasonicParkTuff,36.51,13.01,14.46,14.92,0.1119,5.12,9.07,0.4493,0.005,NA,0.5562,0.1779,NA,94.12
Sliwinskietal2017,MasonicParkTuff,36.77,11.96,17.07,13.48,0.0952,5.02,8.06,0.3657,0.3828,NA,0.4326,0.1756,NA,93.59
Sliwinskietal2017,MasonicParkTuff,36.88,13.07,14.82,14.6,0.1244,4.88,8.68,0.3653,0.0811,NA,0.5226,0.1231,NA,93.9
Sliwinskietal2017,MasonicParkTuff,37.2,13.02,14.61,14.31,0.1106,5.09,8.94,0.3673,0.0841,NA,0.6251,0.1232,NA,94.2
Sliwinskietal2017,MasonicParkTuff,37.1,13.15,14.65,14.45,0.0774,5.12,8.89,0.3831,0.0655,NA,0.8008,0.1699,NA,94.48
Sliwinskietal2017,MasonicParkTuff,36.58,13.28,14.66,14.71,0.1043,5.26,9.61,0.395,0.0132,NA,1.1251,0.1684,NA,95.4
Sliwinskietal2017,MasonicParkTuff,36.79,13.28,14.98,14.53,0.0719,5.19,8.92,0.377,0.0475,NA,1.1708,0.1785,NA,95.01
Sliwinskietal2017,MasonicParkTuff,36.24,13.03,14.58,14.94,0.1215,5.54,9.17,0.4418,0.0398,NA,1.6643,0.1724,NA,95.21
Sliwinskietal2017,MasonicParkTuff,36.72,12.87,14.83,14.83,0.1686,5.08,9.23,0.5673,0,NA,0.2591,0.1727,NA,94.58
Sliwinskietal2017,MasonicParkTuff,36.89,12.76,15.22,14.96,0.1638,5.15,9.2,0.5611,0,NA,0.2966,0.182,NA,95.22
Sliwinskietal2017,MasonicParkTuff,36.98,12.89,15.17,14.91,0.2231,5.11,9.51,0.5327,0,NA,0.2761,0.1718,NA,95.62
Sliwinskietal2017,MasonicParkTuff,36.87,12.95,14.85,14.57,0.1808,5.33,8.96,0.5086,0.0029,NA,0.2296,0.2006,NA,94.51
Sliwinskietal2017,MasonicParkTuff,36.56,12.48,14.94,13.97,0.2328,5.21,8.58,0.4121,0.1635,NA,0.2945,0.158,NA,92.84
Sliwinskietal2017,MasonicParkTuff,36.92,12.97,14.77,14.96,0.1529,5.36,9.15,0.4888,0.0187,NA,0.2867,0.1673,NA,95.08
Sliwinskietal2017,MasonicParkTuff,37.24,12.83,14.99,14.81,0.2019,5.07,9.2,0.5285,0.0215,NA,0.3556,0.138,NA,95.21
Sliwinskietal2017,MasonicParkTuff,36.5,12.78,15.5,14.55,0.1559,5.15,8.97,0.5367,0.0105,NA,0.9347,0.1364,NA,94.8
